,num1,num2,num3,cat1,cat2,sens_feat,outcome
0,-2.226293812695404,1.1572974888368646,1.107648981029163,1.0,1.0,1.0,0.0
1,-0.4629392364737389,0.6654103527963863,1.2416514418521176,1.0,1.0,0.0,0.0
2,0.03357871909554717,0.8389277127770456,1.8175555993885553,1.0,0.0,0.0,1.0
3,1.074677887632966,-1.3168345743273444,1.0334668463650185,0.0,1.0,1.0,1.0
4,0.2844105681726602,0.8032417640632703,-1.8182422784758177,1.0,1.0,0.0,0.0
5,0.968996569787657,0.4156446063071842,-0.5493276204251953,0.0,2.0,1.0,0.0
6,-0.08679298723593389,1.369998673578913,-1.1497292651670437,0.0,0.0,0.0,0.0
7,0.36317178079251244,-0.1280338642297636,-1.4752344118995595,1.0,1.0,1.0,1.0
8,-1.0716763730084427,0.2514830755355846,-0.8140176967770002,1.0,0.0,0.0,0.0
9,-0.5969418127983349,-1.2029043253178864,1.8252782609289437,1.0,0.0,0.0,0.0
10,0.6582009777683184,0.7424467591996408,0.2905170355088157,1.0,1.0,1.0,1.0
11,0.28294342674367046,1.3927185886940563,0.8787260184352795,0.0,1.0,1.0,1.0
12,0.5066568976782511,1.113568342385352,2.5187621220262395,0.0,0.0,0.0,1.0
13,0.6159176367146821,1.2013552867342396,-0.6347927206953055,1.0,0.0,1.0,1.0
14,0.4154748480035114,0.5771645117484719,1.3123747242416244,0.0,1.0,1.0,1.0
15,0.5113549710592572,-1.0610958159967756,0.8821188182225319,0.0,1.0,1.0,1.0
16,0.23895189990940047,0.4514160795751417,0.14863072616268597,0.0,0.0,0.0,1.0
17,-0.7073001293882072,-1.0157885285109145,-0.22973589303895509,0.0,1.0,1.0,0.0
18,-0.7771147258159309,0.7670631190207132,-1.2465804659325117,1.0,0.0,1.0,0.0
19,0.6837702364450332,1.2185532052329253,0.722380949437331,1.0,2.0,1.0,1.0
20,0.17802841682892395,-0.8464734720325039,1.0447297777795834,0.0,1.0,1.0,1.0
21,-1.8727649237782298,1.0815097960376778,-0.38291915472041066,1.0,1.0,1.0,0.0
22,1.7624634030797997,-1.0200937872150897,0.45117483830116756,1.0,0.0,1.0,1.0
23,1.4857961946751204,0.4628001869023054,-0.6070767443998552,1.0,0.0,1.0,0.0
24,-0.9576296744562491,-0.023207650983084648,-0.06670724374239469,0.0,1.0,0.0,1.0
25,-1.3014284769097009,-1.2069356305859975,0.20923253593010763,0.0,1.0,0.0,1.0
26,0.9378284580317047,0.3660890878470899,-0.4288987572258191,0.0,0.0,1.0,1.0
27,-0.882361863164289,0.25046047801730575,0.7729774412072757,0.0,2.0,1.0,1.0
28,-1.5031193419188378,-0.6336910923863633,1.4549992797649887,0.0,0.0,0.0,0.0
29,0.4980170952621583,-0.9316486544971933,0.41875572485049223,0.0,2.0,1.0,0.0
30,1.8884013887839362,-0.8745542625017667,0.07029629305839229,0.0,0.0,0.0,0.0
31,-0.2623091568542053,-1.1856826434996286,0.3379524905971669,0.0,2.0,0.0,1.0
32,-1.6669994771032153,0.4684678577983959,0.7435112618587115,1.0,2.0,1.0,1.0
33,0.6232404468677206,1.8754540740886678,-0.7920146552453063,1.0,2.0,1.0,0.0
34,-0.21049269518911531,0.7169475119490714,-1.6948549358919929,0.0,1.0,1.0,0.0
35,1.0504666292687959,-0.12355035425648728,0.6356349781550072,0.0,1.0,1.0,0.0
36,0.39771623769685466,0.8438876643361082,1.2123361561233101,1.0,1.0,1.0,1.0
37,-1.5660627173625798,1.2528480435166958,1.0112856164405666,1.0,1.0,1.0,0.0
38,0.8985613422338233,0.559929294232393,-2.068279377521472,0.0,1.0,0.0,0.0
39,0.5844768558118981,0.3413871543820376,1.222054020098922,1.0,1.0,0.0,1.0
40,1.9171183471777462,-1.0855817122946596,-0.8399710373883943,1.0,0.0,1.0,0.0
41,-0.9274609262917307,1.2384108039757018,-0.24823002102678354,1.0,0.0,1.0,1.0
42,-0.681676104069153,-0.5186079350710676,-0.6973891657403121,0.0,2.0,0.0,0.0
43,-0.0947259657885241,0.19849340120615175,0.4546966078185582,0.0,2.0,0.0,1.0
44,0.028002287339456727,-1.7293694851627932,1.709379372270576,0.0,1.0,1.0,0.0
45,-0.16172886427673505,1.0953038102067194,0.9532999517584135,1.0,2.0,1.0,1.0
46,1.3537361497232845,0.8413997723195051,-1.3584671135956954,1.0,1.0,1.0,1.0
47,-0.5871285480643428,-1.3081256866772868,-0.3251574448244755,0.0,2.0,1.0,0.0
48,-1.053886394805423,0.439792337242021,-0.573830607429143,1.0,2.0,1.0,0.0
49,0.1419914167578706,1.3517603896118044,0.09421583647059269,1.0,0.0,1.0,1.0
50,-0.3882373316913971,-2.892774724051626,0.6516307680053425,0.0,2.0,0.0,1.0
51,-0.6900118586512533,1.8233460923213787,-0.22546784280814577,0.0,2.0,1.0,1.0
52,-0.8877280959995412,0.5254521696842256,1.0134732955465366,0.0,2.0,1.0,1.0
53,-0.41003578091801074,-0.9120790002087374,-0.6650744236723083,0.0,1.0,0.0,0.0
54,0.6819190510119254,0.9809955092250842,0.7624020439068675,1.0,2.0,1.0,1.0
55,1.3694482915152317,-0.005223699233561257,0.3032249271589398,1.0,2.0,1.0,0.0
56,-0.32279190949989767,-0.5180243573896223,0.7582585807270736,0.0,1.0,1.0,1.0
57,-0.36506445186501363,0.13834738860963391,-0.3745977903251559,0.0,1.0,1.0,0.0
58,0.1434411349656002,2.4168117117555736,-1.6826283483165017,0.0,0.0,1.0,1.0
59,1.8821822821523633,-0.6027623793500114,-1.3377800228593688,1.0,2.0,1.0,1.0
60,-1.1516312088828093,1.9116768547188123,-0.5073656169001947,1.0,1.0,1.0,1.0
61,0.29308920961278456,1.2778093216815098,-1.0649065889737774,1.0,2.0,1.0,0.0
62,0.15422115506945275,-0.323569648116599,-1.4944917471810941,0.0,1.0,1.0,0.0
63,0.530829895674411,-0.885304796482465,-0.5802049957535808,1.0,1.0,1.0,0.0
64,-0.6426843254889822,0.6195258974732211,0.018245118732138892,1.0,2.0,1.0,1.0
65,1.4049692622605134,-1.6114396622467162,0.016025585441178547,0.0,0.0,1.0,0.0
66,1.606589887658333,0.6084206719989985,-0.7885871512137634,0.0,0.0,1.0,0.0
67,0.6989236574544855,0.7972332797978549,0.7017533316157218,0.0,2.0,1.0,1.0
68,0.7316940625684162,0.6614344423838305,-0.603031135768835,0.0,2.0,0.0,0.0
69,0.16161339323761967,-1.7034509577540515,0.5145869178722413,0.0,0.0,0.0,0.0
70,-0.10400519435461761,2.012638990020395,1.134907997857687,0.0,1.0,1.0,0.0
71,1.0202477777176335,0.5493128545386399,-0.7213622134093782,0.0,1.0,1.0,1.0
72,0.7194268620957845,-2.3357097709089167,0.0063560540553021985,1.0,0.0,0.0,0.0
73,-0.081386808530085,-1.0239903219619766,1.8562874281082773,1.0,0.0,0.0,1.0
74,-0.5017866875330833,0.10912359218923012,-1.3049640082656722,0.0,1.0,1.0,0.0
75,0.5735727307376696,-0.8305946257955481,0.7345453487916305,1.0,2.0,0.0,1.0
76,1.235670292632057,-0.617519303305512,-0.8840388458315598,1.0,2.0,0.0,0.0
77,-2.2571025468183366,-0.5553574606962581,-0.7942379568288471,0.0,2.0,1.0,1.0
78,-0.09591801090341742,-0.12470721399653377,-0.09093244023404902,1.0,2.0,0.0,1.0
79,0.04452393943427997,-2.0649236037946497,0.3828802374579055,0.0,1.0,1.0,0.0
80,-0.6408696400107581,-2.8814127314450184,0.9821565901165363,1.0,1.0,1.0,1.0
81,-0.2924577323953568,2.2283578207605537,-1.580654255628329,1.0,0.0,1.0,0.0
82,-0.3062343588074288,-0.009202577155339002,0.7860872936629757,1.0,1.0,1.0,0.0
83,0.15391941932634035,-0.33357054984879314,0.30429012893732527,1.0,0.0,1.0,1.0
84,-0.7684986103038579,-0.9985567717029555,-1.310143590106581,1.0,2.0,1.0,1.0
85,-0.40311742385378485,-0.7247673667525898,0.5976973789231242,0.0,2.0,0.0,1.0
86,-1.5293316958529208,-1.219436800922062,-0.14274657062873256,1.0,1.0,1.0,1.0
87,0.10028325569001172,0.3951964328433831,-0.30534092647479294,0.0,0.0,1.0,0.0
88,-0.35935280973775957,0.5967664682456743,0.01985274541629856,0.0,1.0,1.0,1.0
89,-1.0592321067779482,0.7375426933663569,-0.45010554466051467,0.0,0.0,1.0,1.0
90,0.430329014095985,0.8331360357084143,-0.785762977367855,0.0,1.0,1.0,0.0
91,0.36564301550089606,-0.22091965854654347,-0.7198937360857726,0.0,2.0,1.0,0.0
92,1.0937124759415024,0.15674460886622463,-0.8724119197620289,0.0,2.0,0.0,0.0
93,1.555233309676521,-1.5732667155162405,1.1187150689591143,0.0,0.0,1.0,0.0
94,1.3102199869464977,0.8261442222974901,1.7603877465164748,0.0,2.0,0.0,1.0
95,0.1941934336328188,-1.819534130221102,0.12032242894506787,0.0,1.0,1.0,0.0
96,0.542344305085283,-0.6521758279166027,-0.8254419863068778,0.0,1.0,0.0,0.0
97,-0.042974117799202724,-2.149672941322077,0.3882391915735713,1.0,1.0,0.0,0.0
98,0.28873902956766073,0.6880194492763699,-1.3146178271647726,1.0,0.0,1.0,0.0
99,-0.07696908809999983,-0.9772244863780878,-0.705693021473281,1.0,0.0,0.0,0.0
100,-0.061864098899222314,1.2299760223157161,0.7986080124756199,0.0,0.0,0.0,1.0
101,-1.4540809656308733,1.8622078008484535,0.14288600666530402,0.0,1.0,0.0,1.0
102,-1.4146380961836242,2.3678861017884243,-0.24648983520040257,0.0,0.0,1.0,0.0
103,0.42344982564856853,-1.0990432740240041,-1.6735150022798764,1.0,0.0,1.0,0.0
104,-1.2367571839573588,-0.5539161080957732,0.8271693341951372,0.0,0.0,1.0,0.0
105,0.136271178779496,1.5127555333034666,-1.4960305749241516,1.0,1.0,0.0,0.0
106,0.8692236694643505,0.2482075950253324,0.6004337966452604,1.0,1.0,1.0,1.0
107,1.9270661077314977,0.516707175246262,-0.7488544738546129,1.0,0.0,1.0,1.0
108,-0.4918897402541253,0.8587578563660399,0.10691048040478976,0.0,1.0,1.0,1.0
109,0.4349635888386445,-0.44123943059246196,-0.8222398497813025,1.0,0.0,1.0,0.0
110,-1.0294572671556883,0.1890622565632707,-0.056719621294547655,1.0,0.0,1.0,1.0
111,-0.4623457012666773,0.4597444389347177,0.6059712544680603,1.0,1.0,0.0,1.0
112,-1.9796830103359238,1.0040545738723479,-0.9220921203201325,0.0,2.0,1.0,1.0
113,0.4892396618194051,-0.7361203384067734,0.3557578767457214,1.0,2.0,1.0,0.0
114,-0.9135612285214146,0.005667967555230588,0.8832799434472556,1.0,0.0,1.0,1.0
115,1.081413491197575,-0.5538948933851233,0.3472073552855625,0.0,1.0,1.0,0.0
116,-0.4969784943905922,1.7574082348029474,-0.49236049601900744,0.0,0.0,1.0,1.0
117,-0.7891075266811597,-0.38956430652421875,-1.4962476199974803,0.0,1.0,1.0,0.0
118,-0.27510964503801616,-0.8467721384095567,-0.47749632732906566,0.0,0.0,1.0,0.0
119,-0.3611468893348582,0.29003174825638806,-0.39416218022391325,0.0,2.0,0.0,0.0
120,0.32395372417624024,-0.34770510798155657,-1.8092064080486883,0.0,0.0,1.0,0.0
121,1.1767047772179637,-1.007315895635184,-0.0022762530334042267,1.0,2.0,1.0,0.0
122,1.5438921560425911,0.5111369002619683,-1.0761449003830177,1.0,0.0,0.0,0.0
123,-1.2187730013589573,1.1368612157219824,-0.3284300032114237,1.0,1.0,1.0,0.0
124,0.38092710231609817,-0.9133860346446812,0.5455908663972768,1.0,2.0,1.0,1.0
125,0.4090821955882871,-0.5747144413162422,1.3773164646204425,0.0,0.0,1.0,1.0
126,1.0763115610469687,-1.043486193650333,0.27876787568884875,0.0,2.0,1.0,0.0
127,2.294263250124805,1.3777178422187146,-1.1125062420567902,1.0,2.0,1.0,1.0
128,0.007137300441164442,0.7537887402887447,1.289247990692548,0.0,0.0,0.0,0.0
129,0.9253838914043933,0.9085524809272402,-0.002864336179083662,1.0,0.0,1.0,1.0
130,0.7465556426889541,0.3191142290960439,-1.3500029098854227,0.0,1.0,1.0,1.0
131,-0.8106437139881798,0.05845775083674454,0.29464387564444844,1.0,2.0,1.0,1.0
132,1.6172656467757773,0.17107654383667953,-0.4966266725119267,0.0,1.0,1.0,0.0
133,0.9175991050519328,-0.996863174935503,0.007360754339406832,1.0,2.0,1.0,0.0
134,-0.43665340761993027,-1.2165212855950975,-0.36270779504043726,1.0,0.0,0.0,0.0
135,1.4121646510403436,-0.480888591565109,-0.5853519666413423,1.0,0.0,1.0,1.0
136,0.9974647218761699,0.009501582451283306,-0.9315436343010843,1.0,2.0,1.0,1.0
137,-0.29630093278489217,0.32269226371026893,-0.4969522669828835,0.0,2.0,1.0,0.0
138,-0.9369589369470587,0.29928814220939,-1.3266104653229531,1.0,1.0,1.0,0.0
139,0.8639137200758257,-0.36639658547058246,0.7826170860523249,0.0,0.0,1.0,0.0
140,2.018441479632973,0.8248551499082114,0.09520891612148585,1.0,1.0,1.0,1.0
141,0.401045457868971,0.8585575465382705,-0.1324995260548975,1.0,0.0,0.0,1.0
142,-0.27380742853435613,-0.9883495412821162,1.8856117611662406,0.0,1.0,1.0,1.0
143,-1.2144386188772651,-2.317689329087809,-0.8585995941881099,1.0,1.0,1.0,0.0
144,-1.4147761065522586,-1.1023352818437626,-1.2120852746431912,0.0,2.0,0.0,0.0
145,0.5404081311311558,1.012635947231987,0.070508470535303,0.0,1.0,1.0,1.0
146,0.20723812495951746,-1.615831334828977,-0.17576484860637362,0.0,0.0,1.0,1.0
147,-0.19007147333914146,-0.2191280015938499,-1.33982180579542,1.0,2.0,1.0,0.0
148,-1.382470457265362,-1.1309554410453493,0.036313682465165205,0.0,0.0,1.0,1.0
149,0.9858275337774034,0.7449346122270819,0.1714629474180469,0.0,1.0,1.0,1.0
150,-0.790198111206044,-0.23601382867162896,0.23299678305660598,0.0,2.0,1.0,1.0
151,-0.6880903501347709,-1.0779639803144303,0.8058216155867356,0.0,2.0,0.0,1.0
152,1.5151518711641803,-0.9552330437013066,0.018357303041601398,1.0,0.0,1.0,0.0
153,-1.7337596914981586,1.2394380297266472,-0.25898789674966377,0.0,2.0,0.0,0.0
154,0.19407786599469123,-0.21035659434791298,-0.5182979117897439,0.0,0.0,0.0,0.0
155,0.3015976048999876,0.727820371024805,-0.9069876444910886,0.0,0.0,1.0,0.0
156,-0.6908736174908174,1.059263281345715,1.8481377125677223,0.0,2.0,0.0,1.0
157,1.7769067750501646,0.4917489440187396,0.10578624253566712,1.0,0.0,1.0,1.0
158,2.1857139416394626,-1.2105748362114872,1.935701332407467,1.0,2.0,1.0,1.0
159,0.5248549117170807,-0.35307607525022866,-1.539765063648926,0.0,0.0,0.0,1.0
160,-1.1249939294235245,-0.4817987513094653,1.3051934458494359,0.0,1.0,1.0,1.0
161,-0.95638559351504,-1.053652779820835,0.5868844987289992,1.0,0.0,1.0,0.0
162,1.5068430942455626,-0.4262553476035433,-1.4045027265231271,0.0,2.0,0.0,0.0
163,-0.4298616262678769,-1.4863421895687294,-1.0086593308500322,1.0,0.0,1.0,0.0
164,1.7500094810715265,-0.4161723367909939,-0.8144909235642493,1.0,2.0,1.0,0.0
165,-1.5986867873933228,-0.6339824835823259,-0.6920440512421282,0.0,0.0,1.0,0.0
166,0.5000914370457719,-0.6824405979098204,-0.308669603157191,1.0,0.0,1.0,0.0
167,-1.6547650650963666,-0.245475572445635,0.8009428860908852,0.0,1.0,1.0,1.0
168,0.1903494593718158,-1.6239222545872551,-1.1182276976017305,1.0,0.0,1.0,1.0
169,-0.40082509085337664,-0.46778960560612015,1.1080543461522574,0.0,1.0,1.0,1.0
170,-0.7492136538548604,0.21493705500119706,-0.9776444407444073,1.0,1.0,1.0,0.0
171,1.109272480837863,0.5774442896835851,0.26592473307556613,1.0,2.0,1.0,0.0
172,0.040864739948525526,0.7773287687592106,-0.8017149832480369,0.0,2.0,1.0,0.0
173,1.4883222541494072,0.5687012308315471,-0.9161199825072495,1.0,2.0,1.0,0.0
174,0.4171226610329836,0.21020212993159576,-0.40177081391129527,0.0,0.0,1.0,0.0
175,-0.8044375125447494,0.01797614701174878,0.5341279880120994,0.0,1.0,0.0,1.0
176,-1.3873133202536023,-0.4247394752513019,-0.11973675427749364,0.0,2.0,1.0,1.0
177,-1.435842771698202,0.17933456567684064,0.25999464673022804,1.0,1.0,0.0,0.0
178,0.24858026644619466,-0.7358786663815452,-0.37158099597453276,1.0,2.0,0.0,0.0
179,0.2050279219244095,1.669918017713827,1.3158558529269977,1.0,2.0,0.0,1.0
180,0.3182553091534622,-1.2559364366772776,2.137482665211015,1.0,2.0,1.0,1.0
181,0.3841841713482747,1.062139294293766,0.2146675064742411,1.0,0.0,1.0,1.0
182,-0.25000058032538935,-1.0207735156731297,-1.4495600660410826,0.0,1.0,1.0,0.0
183,-1.9530806219298382,0.0772313766173247,0.12756203024629675,0.0,0.0,0.0,0.0
184,-0.19618435937611334,0.8959438687423392,0.029403291884339964,0.0,1.0,1.0,1.0
185,-1.3951748309518446,0.5475883655560676,-1.5105794551681706,0.0,0.0,1.0,0.0
186,0.4710801247134225,-0.8320308630386926,-0.5228328126312507,1.0,0.0,1.0,0.0
187,-0.5626652070185908,-0.4251183522669224,0.47084059140472223,1.0,2.0,0.0,0.0
188,0.8481199876247827,-0.5879402946530048,-0.17039866567614742,0.0,1.0,1.0,0.0
189,0.0466568750850403,-0.8357259856288993,0.6162092721574032,1.0,1.0,1.0,1.0
190,0.11058371156343948,1.025357911242799,-0.4385011521069543,1.0,0.0,1.0,0.0
191,-0.4621269433969756,0.33468967501942476,0.8184899565864094,0.0,0.0,0.0,1.0
192,-0.6451476213487743,-0.026515753225495535,-0.3552776314508474,1.0,1.0,1.0,0.0
193,1.4032947928285235,0.8000205373694913,-0.6598425615638066,0.0,0.0,1.0,0.0
194,0.3304207631432926,-0.832493254409453,1.3746127920615405,1.0,2.0,1.0,0.0
195,0.5189666304267063,-0.670819174750022,0.1431841938659274,0.0,1.0,1.0,0.0
196,-0.4734617720417672,-0.4923408567801488,1.9634236500234241,0.0,1.0,1.0,1.0
197,0.5099403206261643,-0.39568034374265293,0.9443191629697562,0.0,1.0,1.0,1.0
198,-0.11571981718299915,0.28577155794125275,-0.010781490028180999,1.0,0.0,1.0,1.0
199,-2.1365259392191804,0.8408775700166882,1.396115206485646,0.0,1.0,1.0,1.0
200,1.0376015594346109,0.3830804615866615,0.4223991403307274,0.0,2.0,1.0,0.0
201,-1.1946370057413729,-0.0291847057312246,0.6139967081203518,1.0,0.0,1.0,0.0
202,2.3327466392599945,-0.774853914599764,-0.7380050362741125,0.0,1.0,1.0,1.0
203,0.6301101032411717,0.0769061081007182,-0.5856173264449849,0.0,0.0,0.0,1.0
204,2.060270889134345,0.9288272865325157,0.6669855827739586,0.0,1.0,1.0,0.0
205,0.12242313184235304,-0.83031520331428,0.4353985178581242,0.0,1.0,0.0,1.0
206,0.4424446474072461,-0.7511954484482564,-1.1293906253552959,0.0,0.0,0.0,0.0
207,0.7764125591531441,1.8569974808026597,1.0483684962100237,1.0,0.0,1.0,1.0
208,1.155877011391712,1.2710202909263792,-0.20344556671006067,1.0,0.0,1.0,0.0
209,-1.7746884437518096,-0.69814253214864,1.0330456919519742,1.0,2.0,0.0,1.0
210,1.0582296077843132,0.36423802435139696,0.7813872332312374,1.0,0.0,1.0,1.0
211,-0.20821692026749283,0.2250475490950236,1.5371597733093132,1.0,0.0,1.0,1.0
212,-0.17086050655670285,-0.3604773872474703,-0.9148716488883681,0.0,0.0,1.0,0.0
213,-1.0116446231351304,1.2792397792818397,0.19714010644062327,0.0,1.0,1.0,1.0
214,1.2590370139084404,-0.6571667104396308,-0.3569026374982491,1.0,0.0,0.0,0.0
215,-0.008108706044531764,-0.5795711787097648,0.2980148087858853,0.0,2.0,1.0,1.0
216,0.8319363648717158,0.7430070158218768,-1.0622934648751343,0.0,2.0,1.0,1.0
217,-0.3654883809798142,0.20998769370091885,-0.6210941064734058,1.0,2.0,1.0,0.0
218,0.166547234800292,-0.7915060131506781,-0.09321057192981136,0.0,1.0,1.0,0.0
219,0.01314993857894703,0.6717188884231624,-0.2270299919140958,0.0,0.0,1.0,0.0
220,0.43108169191741913,1.4954464009136834,-1.4648687714610231,0.0,1.0,1.0,1.0
221,-0.438545475847114,1.6445770791898644,0.09055693998978602,0.0,2.0,1.0,0.0
222,-0.9725474397919869,0.34763226585551094,0.8880055198103667,0.0,2.0,1.0,1.0
223,0.07778080588097967,1.212110060292489,0.3405758145173204,1.0,0.0,1.0,1.0
224,-0.9109354699454687,-1.5984965467951968,1.8130434267043727,1.0,1.0,1.0,1.0
225,-0.5334024440386979,-2.2924544146802748,0.7833712188674291,0.0,2.0,1.0,1.0
226,-1.0169182791749474,-0.6588387587956487,-1.4155580438275046,0.0,1.0,0.0,0.0
227,0.3521105266887234,-0.4383864571408285,-0.23588291982561704,1.0,2.0,1.0,0.0
228,-0.7393413782763175,-0.3576842110383841,-0.42603408310814894,0.0,1.0,1.0,0.0
229,-1.332888941335589,0.22943623512332711,0.23341953637239118,1.0,2.0,1.0,1.0
230,1.5565600939836577,-1.5207482601052364,0.9261793085922387,1.0,0.0,1.0,1.0
231,-0.5584572854998969,0.2753780272213681,-0.25732278311252854,1.0,1.0,1.0,1.0
232,-0.26363297880446135,-0.015494710062822353,0.01609536640622234,1.0,0.0,1.0,0.0
233,1.3768306971854922,0.22205658365059316,0.14213384428635895,0.0,1.0,1.0,1.0
234,2.276574263691215,0.02773141923896298,0.42655720791999246,1.0,1.0,1.0,0.0
235,-1.2862715261483806,-0.8247990644922125,0.2625398697589623,0.0,1.0,1.0,1.0
236,1.3475721297597543,0.764247610629029,0.1674171781361655,0.0,1.0,0.0,1.0
237,-0.3462652923463455,0.04011588066053908,0.29709727601337904,0.0,0.0,1.0,1.0
238,-0.8600285235891755,-0.008037426140607706,0.4513728667952313,0.0,0.0,0.0,1.0
239,0.5623761998001077,-0.48738146585414394,1.2785772128901367,1.0,2.0,0.0,1.0
240,-0.9920335171975967,0.9003024287449548,-1.7615481537577462,0.0,0.0,1.0,0.0
241,-1.3284046335871613,1.4071383504005222,0.23946227074436444,0.0,1.0,0.0,1.0
242,1.3494235592912018,0.34018336949588623,-0.001121265875525626,1.0,1.0,1.0,0.0
243,1.0794721468986146,-1.6809683661711217,-1.1977589090060912,1.0,0.0,1.0,0.0
244,1.1158480540820606,-0.17378402270412366,-1.1146761846519528,1.0,1.0,1.0,0.0
245,0.3951703885990303,-0.40843316301611343,0.16926841406990958,1.0,2.0,1.0,0.0
246,-0.6175714239329257,2.537928063696358,-0.4716978409780483,0.0,2.0,0.0,1.0
247,0.289417018840332,-1.6332368553020484,-1.2504040898574855,1.0,2.0,1.0,0.0
248,1.5810802683653684,0.47798576680680815,0.691796900748411,0.0,0.0,1.0,1.0
249,1.3022086175247243,0.4365352059622836,0.04043698780499805,0.0,0.0,1.0,0.0
250,1.0471740829850567,-2.0185908279593328,0.43590597275270154,0.0,1.0,1.0,0.0
251,-0.07436104795930884,1.830405805429178,0.17474212122593735,1.0,0.0,1.0,1.0
252,0.6697087509052833,-0.757470420821148,-0.29452904994915524,0.0,2.0,0.0,0.0
253,-1.1591223644444368,-0.868974402757516,-0.035439949615411324,1.0,2.0,1.0,1.0
254,-1.7324524927965197,0.45859536461174644,-1.6103691021195008,1.0,1.0,1.0,1.0
255,1.1970805976855683,-1.042343430742207,0.646553608568982,0.0,2.0,1.0,0.0
256,-0.23519054358700991,0.5698820553448186,0.7737134128627854,0.0,2.0,0.0,1.0
257,1.6744021117962846,-0.2627124744389735,-1.678759018465288,1.0,0.0,1.0,1.0
258,-0.34108562291664657,0.2741368163510527,0.8229788499740923,1.0,0.0,1.0,1.0
259,1.5819633510192443,0.3041104076670232,-0.29902133627974314,0.0,1.0,1.0,1.0
260,0.35605359228963007,-1.4095039222122054,-0.6906797996893743,0.0,1.0,1.0,0.0
261,1.4117445467774432,-1.2536705656291536,-0.28568863968969305,0.0,2.0,0.0,0.0
262,1.144152460082246,0.5761133070135016,-0.7269183970028028,0.0,1.0,0.0,0.0
263,-0.8436173654684698,-0.9641684644402718,0.6249454489588275,1.0,2.0,0.0,0.0
264,-0.1806857709529707,-0.8194529267713373,0.2308485540610325,0.0,2.0,1.0,1.0
265,0.09760677896385234,2.247943575520491,1.5522087194130445,0.0,0.0,0.0,1.0
266,0.7796324990087322,0.8931669070256022,0.2529152776702882,0.0,0.0,1.0,1.0
267,-0.9525963728222842,-1.6645032054749427,0.7379566083262307,0.0,1.0,1.0,0.0
268,0.6432506081010341,-0.06463374999888559,0.6614247055692769,0.0,1.0,1.0,1.0
269,-0.4804442507741305,0.6442671952320235,-1.0990190977686687,0.0,2.0,1.0,0.0
270,0.6772558072017268,-0.6083907711659615,0.11105565320188143,1.0,1.0,1.0,0.0
271,0.6244073879336635,-0.3283379181090789,-0.25830401451357665,0.0,0.0,1.0,0.0
272,-2.648794002468102,1.1321968847826345,-0.6058253574708853,0.0,1.0,1.0,0.0
273,0.7404167847442327,2.4356256830655294,-0.0572050957614972,1.0,0.0,1.0,0.0
274,0.9270993326417555,-0.049255284180152833,-0.06605758095929361,1.0,0.0,1.0,0.0
275,-0.18224065064616563,-0.2762326799653332,0.2761055893041611,1.0,2.0,0.0,1.0
276,0.8894746814399075,0.28653307256082683,-1.4278434735923087,0.0,1.0,1.0,0.0
277,1.2036797694240955,-0.599030992960115,-1.4879007045071604,0.0,1.0,1.0,1.0
278,0.4162557128772472,-1.673802829780469,-1.2109807356531483,0.0,0.0,1.0,0.0
279,-0.6325616667642315,0.96272251061746,1.6877518828670168,1.0,1.0,1.0,1.0
280,-1.5835100194229792,-0.7564427800467606,-1.2328616994554615,0.0,0.0,1.0,0.0
281,0.027728640275634812,-0.12824585812800907,0.5181729046164069,0.0,1.0,1.0,1.0
282,1.2659724404204598,0.8018724835495988,-1.5442673662594562,1.0,0.0,1.0,0.0
283,-0.15891859679941064,-0.8337299945348351,-0.6163231004521349,1.0,1.0,0.0,0.0
284,-0.9123979129984833,-0.6406330249249897,1.1091315311138994,1.0,1.0,1.0,0.0
285,0.7678298325080779,-0.7298893793193303,-0.5635186630182715,1.0,0.0,1.0,1.0
286,-1.433754320800959,1.2452531027363503,0.39479623843636064,0.0,1.0,1.0,1.0
287,-0.10934317357846278,-0.20068124305268323,0.4347105691192017,0.0,1.0,1.0,1.0
288,-1.0680204796516062,0.46232964476754507,-1.1982633631762731,0.0,1.0,1.0,0.0
289,0.7488855026605513,0.6853854428443497,-0.24508456015629332,0.0,0.0,1.0,1.0
290,1.8978112268930154,0.1808955427539817,-0.7472161338888216,0.0,0.0,1.0,0.0
291,-0.5635038316380382,0.04178691803628628,-0.24988551469145895,0.0,1.0,1.0,1.0
292,0.8260823461805974,-0.9108702619508597,1.0560366208723173,1.0,0.0,0.0,1.0
293,1.7173753131645957,-0.5770518181734803,-1.6198776663567054,1.0,1.0,0.0,1.0
294,-0.6597177380763898,0.2645643826780616,1.1008903375692138,0.0,0.0,1.0,1.0
295,-1.112325714894108,0.4765210643769583,0.43032526428293266,0.0,1.0,0.0,0.0
296,0.08978100815285137,0.1809181259313335,0.6149469550566746,0.0,0.0,0.0,0.0
297,-0.0528955252727624,0.6702732514055023,1.3150896714454545,0.0,1.0,1.0,1.0
298,-1.2426913710342098,0.010510726831355604,-0.8486026572249613,0.0,1.0,1.0,0.0
299,-0.20746394520100464,-0.6999419035756127,0.3038208644561969,1.0,1.0,0.0,1.0
300,2.0900638356260712,0.3313557214039996,-0.9982018530042132,1.0,2.0,1.0,0.0
301,-1.9510953067368781,0.15634556945548467,0.3098151221374411,1.0,2.0,1.0,1.0
302,-0.5468705998091914,-1.5637266989519398,-2.226764341463437,0.0,2.0,1.0,0.0
303,-0.778259893865555,0.45644254262918654,-0.07874500890084365,1.0,1.0,1.0,1.0
304,1.3712513233925114,-0.2453098560823437,0.09872519640774632,1.0,1.0,1.0,0.0
305,-0.8246583764250477,0.27157357446090863,0.060950267682687104,1.0,0.0,0.0,0.0
306,0.29269705931688444,0.4398044599039121,0.4915799670584627,0.0,2.0,1.0,1.0
307,-0.258021354072498,-2.5886767931215804,-0.6777349537404811,1.0,2.0,0.0,0.0
308,0.670421535386786,-2.058904899473578,-0.4134432041318861,0.0,2.0,0.0,0.0
309,-2.08946535855707,-0.6745738898678776,-1.0287284545714266,0.0,0.0,1.0,0.0
310,1.0910118036661949,0.6570575243708527,-1.1808066660604069,0.0,1.0,1.0,0.0
311,-0.12268675096493026,-1.0449347469695591,-0.5095393173549333,1.0,0.0,0.0,0.0
312,-0.2895895903500187,1.8824108314948174,0.35372387980529296,1.0,1.0,1.0,0.0
313,0.993676059372601,-0.13522714014877912,0.9863322435254365,1.0,1.0,1.0,1.0
314,1.613743458314592,-0.248853730409026,-0.11661324868467975,0.0,0.0,1.0,0.0
315,0.6093929680905507,-1.4259856369546382,0.7377186737686474,1.0,2.0,1.0,0.0
316,0.9302135811785118,-0.7012345363142907,0.06967054544188939,1.0,2.0,1.0,0.0
317,0.6727424579998839,-0.36496769000227086,0.2887291060968454,0.0,2.0,1.0,0.0
318,0.8308720113780775,0.971884844335856,1.200515928518715,0.0,0.0,1.0,0.0
319,1.3292672485501855,1.2953495913032842,-0.3069699833473164,0.0,0.0,1.0,0.0
320,0.13005882865138485,0.3941546027801621,-0.24609206487340712,1.0,1.0,1.0,0.0
321,0.7712824118590074,0.24647627429896876,1.4391742375915904,1.0,0.0,1.0,1.0
322,1.0432650077388763,0.9578831066282179,2.0071867680889057,0.0,2.0,1.0,1.0
323,-0.022639107728907613,-0.0016159457778758236,-0.7641262653672571,0.0,2.0,0.0,1.0
324,1.7082903602720978,1.2725284060638873,-0.5871983518636058,0.0,1.0,1.0,0.0
325,-0.5401821982475016,1.3622890385535038,-0.8333145455715523,0.0,1.0,1.0,0.0
326,1.4957863742783442,0.2848576079594038,-1.171391960606018,0.0,0.0,1.0,0.0
327,-0.5595827131583021,-0.6568359306866289,0.130554103592722,0.0,0.0,1.0,1.0
328,-0.39886920461402153,-1.6988051431901838,-0.9317823878758947,0.0,1.0,1.0,1.0
329,0.7671902908534961,-2.001149587669586,0.17514128554938624,1.0,0.0,1.0,0.0
330,-1.7382964282246374,-0.5350229030008105,0.9290879659731982,0.0,2.0,0.0,1.0
331,0.914812294595479,-2.200030764073771,0.6852509633864532,0.0,1.0,1.0,1.0
332,-1.1620509459297756,1.1494108572866177,0.45172362294440027,0.0,1.0,0.0,0.0
333,1.021792354131505,-1.1867360907000115,1.0055083518769512,0.0,2.0,1.0,1.0
334,-1.4122555598040623,0.3534372727081822,0.12408622652372184,1.0,0.0,1.0,1.0
335,0.0905451022653704,-0.4209619494735286,-2.0397232453148773,0.0,0.0,0.0,0.0
336,-0.9418928938335382,0.386557491966903,1.096423466887342,0.0,1.0,1.0,1.0
337,0.4859750360059642,0.06729381634797753,0.7027190462702819,1.0,1.0,1.0,1.0
338,1.9933155988877571,0.7852938125148471,-1.1603883684074319,0.0,0.0,1.0,0.0
339,0.7385594706847715,0.37667507159149577,1.0243324383091073,0.0,1.0,0.0,1.0
340,0.14854343906208314,0.5125459360823237,-1.0860926623071958,0.0,2.0,0.0,0.0
341,-0.4481990538628392,0.8442536527373803,-1.3727790793046544,0.0,1.0,1.0,0.0
342,-1.5105013210160472,1.4858442389027167,-1.9924361454393276,1.0,1.0,1.0,0.0
343,0.8610287397513781,-1.958805015985816,1.0254713809113682,1.0,0.0,0.0,0.0
344,0.13979169584473147,0.21942808437351044,0.48397975970876916,0.0,0.0,0.0,1.0
345,-0.009017318909555583,1.2619422525284871,1.50937131002043,0.0,2.0,1.0,0.0
346,-0.1676194537369372,0.2244074506695718,0.2797970401119715,1.0,2.0,0.0,0.0
347,0.8153628767501033,-0.41822500382968875,-0.022557125665039535,1.0,1.0,1.0,0.0
348,-0.40828762098714927,-0.6059758126874941,-1.032032239548724,1.0,0.0,1.0,0.0
349,0.23493577347170413,0.40095075292719334,-0.0321870980421989,1.0,1.0,1.0,1.0
350,-0.021040223056019627,-0.3161492770667025,-1.2924764828351867,1.0,0.0,0.0,0.0
351,0.408342477167125,-0.01508424197783259,0.8844432089852378,1.0,1.0,1.0,0.0
352,0.5934378453677415,0.5976084920926904,-0.7070762378248245,0.0,2.0,1.0,1.0
353,-1.0314508399381528,-0.1415609721093096,-1.9039617214891942,0.0,0.0,1.0,0.0
354,-0.5524102580694582,1.1247330067472645,0.5007641200896963,1.0,2.0,1.0,0.0
355,-0.21444578918273569,0.44345412797196143,-1.0441734262105646,1.0,0.0,1.0,0.0
356,0.2610103259127775,1.2881078182333874,1.1989860442766598,1.0,1.0,1.0,1.0
357,1.62070980205147,-0.29491893637278566,0.29562925679965746,1.0,2.0,1.0,0.0
358,-0.38405084460626415,-1.057218312501706,-0.3609611051199915,0.0,2.0,1.0,0.0
359,1.0332792933705501,0.07030469339058584,1.0160342705493788,1.0,0.0,1.0,1.0
360,0.1637943315186247,0.37527905675778256,-0.923945451243669,1.0,0.0,0.0,0.0
361,0.4875687249255257,0.8503138178982139,0.009255478043262644,0.0,0.0,1.0,1.0
362,-1.2995498848283287,0.8133025763439511,-0.5848364123374562,0.0,1.0,0.0,1.0
363,0.6871404219572133,0.647665507025435,0.9878336156499715,0.0,1.0,0.0,1.0
364,2.415092673234271,-0.10060793572110671,0.45425843706418345,1.0,0.0,0.0,0.0
365,-0.9486968753894268,-0.13182104488079188,0.2615689776159294,1.0,2.0,1.0,1.0
366,0.47508003263630844,-0.610144280584036,1.8196847786138581,0.0,1.0,1.0,1.0
367,0.6530311261283143,-1.094195198727135,-0.7495630348658167,0.0,0.0,1.0,1.0
368,1.7727860602335734,-0.3392307300342422,-0.17549968962688292,1.0,0.0,0.0,0.0
369,1.0035382295275888,-0.9206602930530213,-0.1594551563189881,1.0,0.0,1.0,0.0
370,1.0170754728314455,1.3094987230688548,0.7040562828226237,1.0,2.0,1.0,1.0
371,-1.2765045547752296,-0.48291221697268194,2.9363973685382976,0.0,2.0,1.0,1.0
372,-1.9046121235608233,0.07391665220434766,1.3900182445147953,0.0,2.0,1.0,1.0
373,-1.1825661596603596,1.1455899788795887,-0.15905120010633272,1.0,1.0,1.0,0.0
374,0.6814818939944988,-2.208490466757792,-1.4628775072869942,0.0,1.0,0.0,1.0
375,0.6210033164656299,0.11647261335737231,0.40365065322700405,0.0,0.0,1.0,1.0
376,2.194399291719573,0.42654732084726765,2.4210331083825096,0.0,0.0,1.0,1.0
377,0.025838145138320247,0.1442205632946234,-0.657977668582072,0.0,0.0,1.0,0.0
378,-0.7733965655503117,1.100790577668772,0.4608502749562084,1.0,0.0,1.0,1.0
379,-1.3101016078132757,-0.031371009777072204,-0.04200058030403664,1.0,0.0,1.0,1.0
380,-0.07037436664823041,-1.9744531620487384,-0.2992087538319468,1.0,1.0,0.0,0.0
381,-0.01873727530895345,0.28367076479982445,-0.4820107334671969,0.0,1.0,1.0,0.0
382,0.3425371526896439,-0.42209329184106775,0.08624807597290463,1.0,2.0,0.0,0.0
383,0.44766788670200713,-1.0155863647350942,-1.8296193319005927,0.0,1.0,0.0,0.0
384,0.9875320782077328,-0.02108852305617363,1.7108299436245333,0.0,2.0,1.0,0.0
385,-2.143900629921778,-0.2638346649001682,0.5159105733619682,1.0,0.0,1.0,1.0
386,-1.0976067078468803,0.49820258923375393,1.0436828490683119,1.0,1.0,1.0,1.0
387,0.4044051030698029,-1.338641358822876,-0.3561451266195612,0.0,0.0,1.0,0.0
388,-1.0895452676653412,-0.1427460771090427,1.1015807514718965,0.0,2.0,0.0,1.0
389,0.4998926096931482,-0.7610279416692245,1.0353576524924826,1.0,0.0,0.0,1.0
390,0.4253092404241779,0.24544474773085753,0.32880749462632797,0.0,0.0,1.0,0.0
391,0.04295757642032121,1.1122949560272972,1.9614962640261764,1.0,2.0,1.0,1.0
392,0.25025544064935085,0.19548787965776981,-0.36747994526968514,1.0,2.0,0.0,0.0
393,-0.6899043209639273,-0.23583991671795906,-0.5987324775744841,0.0,0.0,0.0,0.0
394,-0.5344557744741955,-0.5349415255951567,-0.7525229737936873,0.0,0.0,1.0,0.0
395,0.039886418235475986,-0.06237485361612904,0.827272660661465,0.0,1.0,1.0,1.0
396,-0.03570813509792527,-0.1190415839429981,1.7516452362678943,1.0,2.0,1.0,1.0
397,0.8520483294574457,-0.40677352936732736,-0.22374191464128876,0.0,2.0,1.0,1.0
398,0.017438354564951516,1.4531216212556284,1.4913211158276312,0.0,0.0,1.0,1.0
399,1.5613821660379659,1.008606814503079,-2.096824299072581,1.0,0.0,1.0,1.0
400,-0.5682577695421648,-0.9383768903912102,1.3763002931531623,0.0,0.0,0.0,1.0
401,0.5097835122256313,-0.6315165088274849,-0.30390693938036395,1.0,1.0,1.0,0.0
402,0.5671655390957879,1.130004578605845,-0.15535767820762866,0.0,1.0,1.0,0.0
403,0.8237269592288257,0.21689623982057837,0.5692243644609127,1.0,2.0,1.0,1.0
404,-0.043694958967371474,1.1452145813739287,0.4824924339137536,0.0,2.0,1.0,1.0
405,0.3998976369008594,1.8670361595247167,-1.0150256877255073,0.0,2.0,1.0,0.0
406,0.9739342004318139,1.3512406627468612,-0.23606243265839952,1.0,0.0,1.0,0.0
407,-1.4794770142983886,-0.19267337322336414,1.5174203799295412,0.0,2.0,1.0,1.0
408,0.4610221593310309,0.19576851016575178,0.8584513203007997,1.0,2.0,1.0,1.0
409,-0.1532680581250616,-1.920656032140504,-0.7443359822322071,0.0,0.0,1.0,0.0
410,0.00663582567534983,-0.4066108199869002,-0.7763335914924356,1.0,1.0,1.0,0.0
411,0.12608212575024466,0.3157231938127087,-1.2372032854402655,1.0,2.0,1.0,0.0
412,-0.6811583876690165,1.0496748970597902,-0.17082476835390503,0.0,2.0,1.0,1.0
413,0.2565991936725313,-0.03629170904669086,0.6858399588674629,1.0,0.0,1.0,1.0
414,-0.07052044124058943,-0.7628416580328333,0.15819607293579135,0.0,2.0,1.0,0.0
415,-0.4938307756805868,-0.32843150117673137,-0.560515428544508,0.0,2.0,1.0,0.0
416,-0.49519424836257925,0.8085733383813355,-0.41244386562948865,0.0,1.0,1.0,1.0
417,-1.1325308337733604,-0.17201670914732622,0.8268191959203124,1.0,0.0,1.0,0.0
418,-0.47520975909576324,-1.982406270831127,-3.330211874055017,1.0,2.0,1.0,0.0
419,0.14483845197974068,0.737496773943477,-1.6813194456090754,1.0,1.0,0.0,0.0
420,0.2382930756092264,0.5913554682686168,0.04027481685461793,1.0,0.0,1.0,1.0
421,0.5656721684343244,-0.5929788751438738,-0.16522615974867141,1.0,0.0,1.0,0.0
422,-2.761564103553427,0.35266237835056996,0.09236876195503442,1.0,2.0,0.0,1.0
423,0.837688771058392,-1.6111379404153021,-1.8140614081705058,1.0,0.0,1.0,0.0
424,0.9518743225157192,-0.3050423800997116,0.20081894815556517,0.0,0.0,1.0,0.0
425,0.37882404790867696,-0.8589066813147348,-0.1167025344826833,0.0,0.0,1.0,0.0
426,-1.2362148053664885,0.9924910879496908,0.5342631420071691,0.0,0.0,1.0,1.0
427,0.3789546345600358,-0.12283006886727352,1.1795022117050487,1.0,0.0,1.0,1.0
428,-0.17850365331247803,1.1196085893235717,-0.5095232064503725,1.0,1.0,0.0,0.0
429,0.5641554318843186,0.9076984340692321,0.978372064630985,0.0,0.0,1.0,1.0
430,-0.6648181317013235,-1.3339503544381155,-0.10627046029926275,1.0,1.0,1.0,0.0
431,-0.19795348598015997,1.2012968053701625,0.4046390648637059,1.0,1.0,0.0,1.0
432,2.0994044108925576,-0.8387390519126807,-0.8831495913584126,1.0,0.0,0.0,0.0
433,-0.17319236112348854,0.24623730542257705,-1.2406280437420438,0.0,0.0,1.0,1.0
434,-0.8183773343315542,-0.5608963696059405,-0.28850637273141033,0.0,2.0,1.0,0.0
435,0.33105528832733694,0.7785238084449245,-0.8458498193808429,1.0,1.0,0.0,0.0
436,0.27555428422656725,-0.2707768246537478,-0.6857156535154241,1.0,1.0,0.0,1.0
437,0.9498569860138785,0.9276618120641187,-0.9658790314666685,0.0,1.0,1.0,0.0
438,-0.46248985639667045,-1.992221966783287,-0.5390135867460213,1.0,0.0,1.0,0.0
439,0.7456125169541571,-1.1610669816922201,1.2731828591061463,0.0,0.0,1.0,1.0
440,-0.3275641003702212,-0.2974347042067873,0.8372089527888024,1.0,2.0,1.0,0.0
441,0.7132250939328666,-1.3950613318739897,0.4554063562343989,1.0,0.0,1.0,1.0
442,0.2252788279701572,0.16420558332114346,-0.8325039755552507,0.0,0.0,0.0,0.0
443,-0.7683640536410858,1.1060273974037997,0.060673585238361624,1.0,1.0,1.0,1.0
444,-2.1374440372632932,0.28482312478821414,1.56409629564079,0.0,0.0,0.0,0.0
445,0.2728194872363548,1.8467185790665432,0.3249905575914472,1.0,0.0,0.0,1.0
446,1.4966175655951448,0.7236510992288053,0.20517671526883435,0.0,0.0,1.0,0.0
447,-0.1524186388227176,-0.7988997506891702,0.577592479271376,0.0,0.0,1.0,0.0
448,-2.1277369240416433,1.4661145888689369,0.26604608798883034,0.0,0.0,1.0,1.0
449,0.6071730301019147,0.027758045534592636,1.2892997169967733,0.0,2.0,1.0,1.0
450,-0.7930436877931042,0.7118865288924707,-1.4430222564497113,0.0,1.0,1.0,0.0
451,1.1660958431085793,0.269263562051702,-0.9290602159395981,1.0,2.0,1.0,0.0
452,-0.8629023405602991,-0.957523788716361,1.9190528999903345,0.0,0.0,1.0,1.0
453,1.9250956059528583,-0.14947628689663142,0.22196704052554186,1.0,2.0,0.0,0.0
454,0.085222958747961,0.8712321233303162,-1.7004917648568174,1.0,0.0,1.0,0.0
455,-0.1098758338092952,1.0963765057423231,1.5155805119299683,0.0,2.0,1.0,0.0
456,0.05957890197605467,1.1490791911508385,2.3309321432537886,1.0,2.0,0.0,1.0
457,0.31246965403537935,-0.9032667157889589,1.3146362959087907,1.0,2.0,1.0,1.0
458,-1.4017415379101894,-0.10662405012221253,-1.3331499559473732,0.0,2.0,1.0,0.0
459,-1.1525602926899474,-0.9508655846740217,0.8575704120341257,1.0,2.0,0.0,1.0
460,1.824356825179444,0.5449712104458218,-0.013630899783281905,1.0,2.0,1.0,0.0
461,1.6758836614890102,-0.8619444167834664,-2.9470324331430358,0.0,0.0,1.0,0.0
462,-0.052089059794647785,-0.3651707825946929,1.5087840675965425,0.0,1.0,1.0,1.0
463,-0.30693422176510093,-0.8029107160097677,-1.2365816337875493,0.0,0.0,1.0,0.0
464,0.38890798549329403,0.6198315139755596,0.6071598724976514,1.0,2.0,1.0,1.0
465,-0.530236225559287,0.18159651567028465,-0.4903249324787458,0.0,2.0,1.0,0.0
466,1.9582272096829474,-0.23164091773003204,-1.1773415920386154,0.0,2.0,0.0,1.0
467,0.5652600674188751,2.6225195963838934,0.18657140501499284,1.0,0.0,1.0,0.0
468,0.01761008123624712,1.014231057880036,0.9040602246625185,1.0,0.0,1.0,1.0
469,-0.1352562290300957,2.2990297188431956,0.7097348771472615,0.0,1.0,1.0,0.0
470,-1.0870262973053917,-0.84939776592981,0.5554564624252307,0.0,2.0,0.0,1.0
471,-1.6441751222068484,1.422311614137121,0.4444110792227456,1.0,0.0,1.0,0.0
472,-1.1783610850617294,0.14742738530561803,0.8257630212980859,0.0,0.0,1.0,1.0
473,1.1572376219833154,-1.4646118133304016,-0.1057488120251046,0.0,2.0,1.0,0.0
474,-0.8385756944774964,-1.2016855586779576,-1.072129984562346,1.0,1.0,1.0,0.0
475,1.4923077543101178,0.8489137709957906,-1.1169361321940499,1.0,0.0,1.0,0.0
476,-0.8066678481044753,0.7650440769051635,0.5199612850113222,0.0,1.0,1.0,0.0
477,1.539963474733163,0.36411488278496323,-0.7533425298314226,0.0,1.0,1.0,0.0
478,-0.9874940193716641,-1.7471815015474628,0.4996137083087864,1.0,0.0,1.0,0.0
479,0.4593870270248993,-0.8998524935528346,0.44927501718049917,0.0,2.0,1.0,0.0
480,2.3950661302146448,-0.20752562736325325,2.2332865784132934,0.0,1.0,1.0,1.0
481,0.5269032562402547,-1.1059719301780042,0.916691945748618,1.0,2.0,1.0,1.0
482,1.8915547970683726,1.445155464327884,-0.4802844070010428,1.0,0.0,0.0,0.0
483,-0.6296240088697063,-1.0152120793336592,0.8405927977040365,1.0,0.0,0.0,1.0
484,0.5823596943107797,-0.4907641004337884,-0.3025823923745244,1.0,2.0,1.0,0.0
485,0.17241896350826139,0.4694954983707161,2.4093550726390736,0.0,0.0,1.0,1.0
486,-1.454593869268174,-0.09036484712158314,0.4331419148598168,1.0,1.0,0.0,0.0
487,0.5182493526826667,-2.086362879073452,2.3323372600390937,1.0,1.0,1.0,1.0
488,-0.11837131755842308,0.9200762473394526,-0.5396258221548309,1.0,2.0,0.0,0.0
489,1.6372940075007105,0.16428873261173352,-0.04536124339575262,0.0,0.0,0.0,0.0
490,2.6840006662647995,1.2574384790661544,-0.753356533358482,1.0,1.0,0.0,0.0
491,-0.10976773435539638,1.0120737375977222,0.3071141212028671,1.0,2.0,1.0,0.0
492,-1.5803063192460054,0.8035278988217994,0.17716864956490658,1.0,2.0,0.0,1.0
493,-0.31067942177109176,-1.269692756753632,-2.034374503920038,1.0,0.0,1.0,0.0
494,0.14194647959067588,0.20330203691021695,-1.0524796315550824,0.0,0.0,1.0,1.0
495,-0.42037485135204256,-0.46147830809549756,0.7528676740968399,1.0,2.0,1.0,1.0
496,1.2984943338562183,0.283554516589963,-0.055549405894681075,0.0,1.0,1.0,0.0
497,-0.188013034177357,-0.32912075623946735,-0.9955081071373492,0.0,1.0,0.0,0.0
498,-1.6424063636933923,1.7305893016384015,-0.14601064459860075,0.0,2.0,1.0,1.0
499,-0.04876174841516877,0.14944273980305578,-0.9832327818386641,1.0,0.0,1.0,0.0
500,0.3194322971813655,-0.5032392501670035,1.5161468337366104,1.0,2.0,1.0,1.0
501,0.8421142035881962,-0.9045414317821211,0.9236795514084238,0.0,0.0,1.0,0.0
502,2.381811416662683,0.1253294087481107,0.35152486909739017,1.0,1.0,0.0,0.0
503,-0.510746342004846,0.3720506592553968,1.168401166696276,1.0,2.0,1.0,1.0
504,0.5990491461732216,-0.4074842514590222,1.1627108212294601,0.0,0.0,1.0,1.0
505,-0.19151197768720765,0.8121813299304596,-0.9703218627936876,0.0,1.0,1.0,0.0
506,-0.24733774838306619,0.29675028300720047,-1.5537390154872472,0.0,2.0,0.0,0.0
507,-0.7191440120909982,0.9204531928793648,0.6944506008238097,1.0,0.0,1.0,0.0
508,0.23725663520310208,-1.2081268105909404,1.1501962547283364,1.0,0.0,0.0,1.0
509,-0.05224434300792818,-0.2020947077662906,-0.7136661778844302,1.0,1.0,1.0,0.0
510,-0.6105187488539356,-0.19633148578477,-0.300674791924203,0.0,2.0,1.0,0.0
511,0.6340698012672592,-0.07291960142155261,0.7942592514978043,1.0,2.0,1.0,1.0
512,-1.2953188208683883,1.2419810471670127,-0.4754546124079952,1.0,1.0,1.0,1.0
513,0.9418068625395851,-0.8803523354587652,-2.5205943905623713,1.0,0.0,1.0,0.0
514,0.11142380433480388,-0.022224948477548596,0.339669022616656,1.0,0.0,1.0,1.0
515,0.5110854381738884,0.8303513840139648,-1.697321996859206,0.0,0.0,1.0,0.0
516,-0.32313543750528484,1.2437296283485726,0.09284612535992667,1.0,2.0,1.0,0.0
517,0.21589678880153548,0.06895772095402135,0.30491267552897583,0.0,2.0,1.0,1.0
518,0.19263394639173748,0.3129743047325271,-0.21628240223186285,1.0,0.0,1.0,0.0
519,-1.2825422018730468,-0.8740858424958537,-2.180332828245718,1.0,0.0,1.0,0.0
520,0.5692884037146547,-1.1131990346467011,-1.0167489967834369,0.0,2.0,1.0,0.0
521,0.23954601112375196,0.6692883354228144,0.9618239564869407,1.0,2.0,1.0,1.0
522,-2.866321378921177,0.01439387618573805,2.0625269674902267,1.0,0.0,0.0,1.0
523,-0.22555131438783682,-0.03199808457095777,1.0268005573087855,0.0,2.0,0.0,1.0
524,0.6479702567127592,-1.0478130878272045,-0.1945766871904241,1.0,2.0,0.0,0.0
525,0.6074001124798497,0.4885699248192759,-1.175497126510989,1.0,0.0,0.0,0.0
526,-1.7911624911632928,0.6672169860525695,-0.28707531857313656,0.0,0.0,1.0,1.0
527,-0.8230775086626784,1.3076366649692397,0.579532504018602,1.0,2.0,0.0,1.0
528,0.48421109630343007,-1.0074918822850174,-0.0631119503228286,0.0,1.0,1.0,0.0
529,1.325790747427406,-1.360748525014899,1.3719500694643716,0.0,2.0,1.0,1.0
530,1.0188922162365839,1.0135398044682105,0.7726677797900684,0.0,2.0,1.0,1.0
531,1.2371802351275596,-1.4612422320094587,0.5614851353483679,1.0,1.0,1.0,0.0
532,0.1776071369642618,0.8424491207425322,-0.5288115352239126,1.0,1.0,1.0,0.0
533,0.1839886303312606,0.19653307791232305,0.6751335711388382,1.0,2.0,1.0,1.0
534,-0.9866598388779692,-0.396580843739426,1.3267150434447477,0.0,2.0,1.0,1.0
535,0.6054227029397997,0.5340880198686039,-0.49118826383078146,0.0,1.0,1.0,0.0
536,-1.5185863566030136,-0.6530195235972505,1.0648008406987937,0.0,1.0,1.0,1.0
537,-0.09477079428956478,-0.6695629087135199,0.5020047585515504,1.0,2.0,1.0,1.0
538,0.3877004944777047,1.5527989105820788,-1.3084188367670353,0.0,0.0,1.0,0.0
539,-1.1024791633858178,-0.28268888808223963,0.14815012533440425,0.0,2.0,1.0,1.0
540,2.105529248168688,-0.38614530913379674,-0.04578761636878221,0.0,2.0,1.0,0.0
541,-0.6580295767198473,1.0782083768207915,-0.5240786289849045,0.0,0.0,1.0,0.0
542,0.5187600860331297,-0.7106983285085086,0.19673375150660619,0.0,1.0,1.0,0.0
543,-0.7647498088415542,1.0784954211758808,-0.8418273348731954,0.0,1.0,1.0,0.0
544,0.5509026031538314,1.2405184225154389,0.06952046599601917,0.0,0.0,1.0,0.0
545,7.82246881864455e-05,-0.5270543953715273,0.8514986775511846,0.0,0.0,1.0,1.0
546,0.928029025587197,-1.0857203777883453,-0.3911011285184753,1.0,1.0,1.0,1.0
547,-0.8282456215880467,-0.6270966494831305,-0.03709627908107912,0.0,2.0,1.0,1.0
548,1.4516704296459566,0.27658940992118836,0.9861118852963515,1.0,2.0,1.0,1.0
549,0.9751730242450763,0.19441977691584605,-0.6469244816069402,0.0,1.0,0.0,0.0
550,-1.0072645955481154,0.769255933638767,0.7474899234917842,0.0,2.0,0.0,1.0
551,0.1475712768578372,0.7410823570114707,-0.7423722177358508,1.0,1.0,1.0,1.0
552,0.3260149488984579,0.1252513966398928,-0.4907054461288295,1.0,1.0,0.0,0.0
553,1.4237761732324876,-0.189482694000559,-0.6004507334454626,1.0,2.0,0.0,0.0
554,0.18866724336202892,-0.09639550134187387,0.31881560799151654,0.0,2.0,1.0,1.0
555,0.22857757942349213,-0.23154645272365085,-0.5305283759288435,1.0,0.0,1.0,0.0
556,-0.5874019360462361,0.7085030801838184,-1.0421873350628812,1.0,0.0,0.0,0.0
557,-0.52756877910119,-2.7713312702280506,1.562208471486018,1.0,2.0,1.0,1.0
558,-0.003435726689487882,-0.7972542432725231,0.15642066414523437,0.0,2.0,0.0,0.0
559,-1.2027420322174949,2.3028500113471906,-1.2703563640982691,0.0,0.0,0.0,0.0
560,-1.7005784916459599,0.15564754172744447,-0.15176950948800727,1.0,0.0,1.0,1.0
561,1.859611524535507,2.43749405576248,0.2689422482051751,1.0,2.0,0.0,1.0
562,1.496434875405077,0.5220679183559133,-1.1930190925198156,1.0,2.0,1.0,0.0
563,0.5147945439390564,0.8557510794130246,0.1525655606380968,0.0,2.0,1.0,1.0
564,0.15292762849930194,-0.5491944163594962,0.6757227455460305,0.0,1.0,1.0,0.0
565,-0.1939256465272596,-1.4993916549300377,-0.2229080067963419,0.0,0.0,1.0,1.0
566,2.1476658344011357,2.185203010644788,1.050771706146196,0.0,0.0,0.0,1.0
567,0.3134266063885253,-1.2455326127902577,0.8721869025436362,1.0,0.0,1.0,0.0
568,0.020265146262163018,0.5235279417825901,0.33547027341640895,1.0,0.0,1.0,1.0
569,-0.5635945004280634,0.23095105856144865,-2.0380121153604054,1.0,1.0,1.0,1.0
570,-0.29475547977862315,-0.03955346022559241,0.519324741191284,0.0,0.0,1.0,0.0
571,0.11529979721212824,1.2343484686963004,-0.49726993768189554,0.0,2.0,1.0,0.0
572,-1.0744738342600166,0.7140065457849554,-0.30173941728448966,1.0,2.0,0.0,1.0
573,0.13471242410369585,1.3371710672408375,1.3302951570550494,0.0,0.0,1.0,1.0
574,0.4041444646531858,-0.6781546795852246,-0.39454357637755444,1.0,0.0,0.0,0.0
575,-0.23004870874428887,0.07957867418759854,-0.9646884142611779,0.0,1.0,1.0,0.0
576,0.688554158626279,1.681634087971615,-0.7021190954441827,0.0,0.0,1.0,0.0
577,1.1240557855228401,-0.2861688272182031,-0.6728046856048999,0.0,2.0,0.0,1.0
578,0.13551257535948685,0.13836631786426937,-0.8350700953980121,0.0,0.0,1.0,0.0
579,2.205887708106152,-0.8419284833466099,-1.7726188369658273,1.0,1.0,0.0,0.0
580,-0.45243917935809863,-1.1625374089585705,0.01211182729319493,1.0,2.0,0.0,1.0
581,0.0689710487948841,0.4355776383105532,-1.796352450469418,1.0,0.0,1.0,1.0
582,-0.16294683976451418,0.011441251091175672,-1.7584738720751638,0.0,1.0,0.0,1.0
583,1.775330057562826,1.216467319995086,-0.22491433416044118,0.0,1.0,1.0,0.0
584,-0.12485238730207135,-1.2670276021179476,-0.4517625251559291,0.0,0.0,1.0,0.0
585,0.17429649827948157,-1.888207052288302,1.082790587366572,1.0,0.0,1.0,1.0
586,-0.022495022555727644,-0.673476171885445,0.00744345342409654,1.0,1.0,0.0,0.0
587,-1.905143832147684,0.5772304161163251,1.646637928467824,1.0,0.0,1.0,0.0
588,0.18726623234683684,-0.5644489616745235,-0.5353024494129952,1.0,0.0,1.0,0.0
589,0.43830379497320954,-1.1070608105125612,-0.37519838836703123,1.0,2.0,1.0,0.0
590,1.2604119923141968,-1.3252085894710337,-0.9868248875224834,1.0,0.0,1.0,0.0
591,-0.212026100115687,-0.2401196447690742,0.8757568118051172,1.0,0.0,1.0,1.0
592,0.33583461507307516,-0.428272972702611,0.4306910115195086,0.0,2.0,1.0,1.0
593,0.3187120090915432,-0.06994054908696512,0.12132928651760665,1.0,1.0,1.0,0.0
594,0.13527116117482937,-0.2480648493145963,-0.13782978219133743,0.0,0.0,0.0,0.0
595,-0.1092946956083295,-0.6708343821396717,0.9473447419079627,0.0,0.0,1.0,1.0
596,-0.29946397574639516,0.20798514326691228,0.486666896070696,1.0,2.0,1.0,0.0
597,1.9044096755270352,2.479749157174972,0.23417753875508696,1.0,0.0,1.0,1.0
598,-1.2125205036440185,0.5669879110766555,-0.7443587779821113,1.0,2.0,0.0,0.0
599,1.7662236554961428,-0.7730232074857538,0.008101780966031686,0.0,0.0,1.0,1.0
600,0.553270429132329,-0.9928106101599927,-0.327460552781342,1.0,2.0,1.0,0.0
601,1.0737186561743495,-1.4778441125281774,-1.1459280588338567,0.0,0.0,1.0,0.0
602,-0.4327448895866359,-0.8900946313057353,-0.4105553620494409,0.0,2.0,1.0,0.0
603,-0.800858583114691,0.4771979063661629,0.5856235098530709,0.0,0.0,0.0,1.0
604,0.8004783392610563,0.8160517606275906,-1.0708630943675586,1.0,2.0,1.0,0.0
605,-0.41255064449288925,0.5920314515778863,-0.012038902651029946,0.0,2.0,1.0,1.0
606,-1.8629177302831268,0.4853291688028532,1.5234420316079587,1.0,0.0,1.0,1.0
607,-0.27343910752223616,2.002691323766169,-0.5211208653812187,0.0,1.0,1.0,0.0
608,1.4542520437624011,-0.05560672756762735,1.6952791390784645,1.0,1.0,1.0,1.0
609,0.4668160526813973,1.3948453480592433,-0.7167556618681867,0.0,1.0,1.0,0.0
610,0.5160875448382795,-0.8045195407214291,-1.76097299504525,1.0,2.0,1.0,0.0
611,-0.32585866095032645,1.48012939392151,1.1609072498916495,0.0,2.0,1.0,1.0
612,0.8579245779869628,0.886503346001373,0.4435796683423227,0.0,0.0,1.0,1.0
613,-0.6722556074234669,2.348593656295401,-0.6350337006261879,0.0,2.0,1.0,1.0
614,-0.6019272430471336,0.09008080541822538,-0.48078170619291033,0.0,2.0,1.0,0.0
615,0.7899445025168047,0.2616901257824982,0.10099953821269664,0.0,1.0,1.0,0.0
616,-0.7775905922959048,0.009688992532027709,1.3187448048312331,0.0,0.0,1.0,1.0
617,1.1221402350955192,-0.31492214113342337,0.9694646772191036,1.0,1.0,1.0,1.0
618,-1.0074124939906568,1.162494360502795,1.6215461769191601,0.0,0.0,0.0,1.0
619,0.07329665180804361,-2.004189016636595,-0.8879320996422289,1.0,2.0,1.0,0.0
620,0.27200023414422486,-0.2603981044087554,0.21636926505693413,1.0,1.0,1.0,1.0
621,-0.160655904913163,-0.1827048225729205,2.277793565992357,1.0,1.0,0.0,1.0
622,1.3277430703362056,1.5379904731506122,-0.3763454954973653,0.0,1.0,0.0,1.0
623,1.0219668821888166,0.48108711682160693,0.3104402483506443,0.0,0.0,1.0,0.0
624,-1.0751197811980473,-0.32936885572833485,0.8017825522846587,0.0,1.0,0.0,0.0
625,0.39175569534832366,-0.6731552588854677,-0.16902474920051583,1.0,2.0,1.0,0.0
626,0.03371707533446308,0.30717928834077335,2.0255425131684945,1.0,2.0,1.0,1.0
627,1.3645383427176756,0.05740323468932216,-0.9237989062104587,1.0,1.0,1.0,0.0
628,-0.7041706268977522,1.4529266611056575,0.8012760822410764,0.0,0.0,0.0,1.0
629,-0.2594435027470944,1.8224157701750776,-0.8944994720808591,1.0,1.0,1.0,1.0
630,-0.45245135707428474,-0.9965352593809806,1.0471494963281924,1.0,1.0,1.0,1.0
631,0.300276055359407,-1.5083134336672144,0.011746706648188119,1.0,2.0,1.0,0.0
632,-0.05455624549584285,0.9944740307345848,0.5485089146797876,1.0,2.0,0.0,1.0
633,0.03561138576085062,-1.0265025581030511,1.9941396004073695,1.0,1.0,1.0,0.0
634,0.4382904743938704,1.009993643050097,0.4323855381463422,1.0,0.0,1.0,1.0
635,0.39672199909523403,0.16615175051273431,0.9950074408579059,1.0,0.0,1.0,1.0
636,0.5969531708449187,0.2384511213333316,1.0583304469568193,1.0,2.0,1.0,1.0
637,-1.8689974188752991,0.48579107713515024,-0.36515827485133134,1.0,1.0,1.0,1.0
638,1.81781872157923,-0.6548369053102803,0.5405437574328472,0.0,2.0,1.0,0.0
639,-0.4476634396541714,0.9261440514752104,-0.8867876046493964,1.0,0.0,1.0,0.0
640,-0.39706317220191284,-0.5979291176679489,-1.461872451982592,1.0,2.0,1.0,0.0
641,-0.8202960100063668,0.28942485245033656,-3.516461026711873,0.0,1.0,1.0,0.0
642,0.36185371676904454,-0.8916157148947318,-0.7317803117030408,1.0,0.0,1.0,0.0
643,1.9751549248235916,-0.6272739318930539,0.6950525689742184,1.0,1.0,1.0,0.0
644,0.9308938637984161,-0.8068542933289743,0.9896839207839739,1.0,0.0,1.0,1.0
645,0.09163030617763009,-2.043235229057389,0.9342143975080096,0.0,1.0,0.0,1.0
646,-0.5774305701909271,-1.3321508205951424,-0.1820144347488652,0.0,1.0,1.0,0.0
647,-0.2725231016520516,-0.23895613525440645,-1.15809273102514,0.0,0.0,1.0,0.0
648,1.8645198875894422,0.4331750044274546,1.3791837989978875,1.0,0.0,1.0,1.0
649,1.3936168242410978,0.26765679871071046,0.8964463869532819,1.0,0.0,1.0,1.0
650,-1.5002718894718423,0.11744813225773532,1.3925586969603514,1.0,0.0,0.0,1.0
651,-1.9563135502834959,0.7766181727704664,1.1259403950128344,1.0,0.0,1.0,1.0
652,-1.3304685310806794,1.2282605236951956,0.9815064154428456,0.0,1.0,1.0,1.0
653,-2.183183760021639,0.5791848358627057,-1.1126763355044995,1.0,2.0,1.0,1.0
654,-1.1301885445662962,0.16480312521520984,1.398373766209277,1.0,2.0,1.0,1.0
655,-0.8436980264738625,0.7721993857076198,-1.3506944032614876,0.0,2.0,1.0,0.0
656,-0.9165164404068881,-0.807095155782045,1.7953099526745635,0.0,0.0,0.0,1.0
657,-0.0738333995242339,-0.2372642211916883,0.42461425144426523,1.0,0.0,1.0,1.0
658,-0.921152850734908,0.7638461701828384,-1.7021419535557245,1.0,0.0,1.0,0.0
659,-0.8664642346899768,-0.5011798317737162,-0.31392146782016256,1.0,1.0,0.0,0.0
660,1.722407734004448,0.18669388479834836,0.5879302997597513,1.0,0.0,1.0,0.0
661,-0.24040288166271742,1.26518127380401,-0.6615912026868246,1.0,1.0,0.0,0.0
662,1.1464283295571984,0.8771454926499489,-0.7861522555778856,0.0,1.0,0.0,0.0
663,-2.126601975830501,1.3243369360688781,-2.0202101485116213,1.0,2.0,0.0,0.0
664,-0.2646912967407669,-0.7953164631350806,0.4087321532561623,1.0,0.0,1.0,1.0
665,0.9850935514697476,0.703459233757771,1.0243002233930911,1.0,1.0,0.0,1.0
666,0.10433671429133592,0.21253197986883893,0.13067179861431186,1.0,2.0,0.0,1.0
667,-0.5184206564742274,-0.8044568828138158,0.25786198554625245,1.0,0.0,1.0,0.0
668,-0.2055080244714787,1.2836354771211558,0.49696267227806573,0.0,2.0,1.0,0.0
669,-0.987738981658187,-0.242096875914608,0.1213193409503211,0.0,2.0,0.0,0.0
670,1.0100944950354014,0.015594570171026839,-0.9925626682196949,1.0,1.0,0.0,0.0
671,1.0170365930485652,1.5316551321337017,1.5632913344364812,0.0,1.0,1.0,1.0
672,0.5261720323953457,1.050076844325936,0.506525352711893,1.0,1.0,0.0,1.0
673,-0.9028977379104799,0.05219546702196229,1.746999195382242,0.0,1.0,1.0,1.0
674,0.10655866341057801,0.09827518180692892,-1.1822515273678327,0.0,1.0,0.0,0.0
675,1.1347764816979895,-0.8772898741189976,0.3249110188874295,0.0,0.0,1.0,0.0
676,-0.2374903796133305,-0.46361358710490935,0.3132236246233881,1.0,2.0,1.0,1.0
677,-0.3617649532720322,-0.24026801567845188,-0.7534487745798675,1.0,0.0,1.0,0.0
678,0.7854778662593206,-0.3599366043810957,0.42012556778879984,0.0,1.0,1.0,0.0
679,0.6017123644422891,-0.346648803547423,-0.06724145098678098,1.0,0.0,1.0,0.0
680,0.16888952385124464,1.4974392742811227,-0.04407820367703065,1.0,2.0,0.0,1.0
681,0.174542627818411,1.5597819794638472,0.026896554039549308,0.0,1.0,0.0,0.0
682,2.057661256659279,1.5663588736823169,-1.1458467104275236,1.0,2.0,1.0,1.0
683,-1.8364229362199984,0.8333144801645868,-0.25158217338446043,0.0,2.0,1.0,1.0
684,0.815310423223344,-0.2785056960318781,-1.6241899439970697,1.0,0.0,0.0,0.0
685,-1.0223894357057097,-0.4327573323265331,-1.3984697767229277,1.0,2.0,0.0,0.0
686,-0.803015056383013,2.5876347088046256,1.1562324602575476,1.0,2.0,0.0,0.0
687,0.6843771015856595,-0.21850309714565894,-1.1160640017456775,1.0,2.0,1.0,1.0
688,0.08564362280463574,0.4811816120655679,1.1903358693723627,1.0,1.0,1.0,1.0
689,-0.2429329539750703,0.13130475666584976,1.3098846434440812,0.0,2.0,1.0,1.0
690,-0.4128879283220091,0.9928369507664512,0.6097765268318804,1.0,0.0,1.0,1.0
691,-0.43978980135508733,0.3747828338336429,1.3620645140458645,1.0,0.0,1.0,1.0
692,0.40752202769941914,1.4305094587302534,1.3972361480594129,1.0,1.0,1.0,1.0
693,-0.32559345615533275,1.313383498913425,-0.1331532999392174,0.0,0.0,0.0,1.0
694,1.0236540397479608,0.15894665288564744,1.3887002177529655,1.0,1.0,1.0,1.0
695,-0.4293681691521714,0.3509145597836112,-0.2241849672641153,1.0,1.0,0.0,0.0
696,0.2802690116022256,0.03371331184904583,1.526205754942396,0.0,2.0,1.0,1.0
697,-0.2859939462718488,0.4697229673904255,-2.33461100203723,0.0,0.0,0.0,0.0
698,-0.12055180120428752,-0.9773981083717846,-1.3725727618742312,0.0,2.0,0.0,0.0
699,-0.17290089086638255,0.47206384898218,0.32640910553581587,1.0,1.0,1.0,0.0
700,-0.7639731457268321,-1.7766377272342422,-0.21258525232512668,1.0,2.0,0.0,0.0
701,1.6233077732271846,0.6492716669802162,0.5824204394893703,1.0,2.0,1.0,1.0
702,-0.28299423696925835,-1.5545961531305983,1.2150348163951192,0.0,2.0,0.0,1.0
703,-2.434023852592123,-1.8595357098569998,0.8091362041294277,1.0,2.0,1.0,0.0
704,-0.6616349665538762,-0.00936426258193732,0.8684276752220532,1.0,0.0,1.0,1.0
705,-0.40875752944920674,0.8186593031690564,-0.6462445035993807,0.0,1.0,1.0,0.0
706,0.7314736303394368,-0.40592739799957805,-0.18910527542593233,1.0,2.0,1.0,1.0
707,0.5953058411503512,0.621608665020084,-1.4966930874961528,0.0,2.0,0.0,0.0
708,-0.7721634441507733,-0.9079556473990981,-0.4666227575698706,1.0,0.0,1.0,0.0
709,-1.3781747684313514,0.7273200566918844,0.14297848883392014,0.0,0.0,1.0,0.0
710,-0.33292483138095863,-0.8575224257879952,-1.0690997885360538,1.0,2.0,1.0,0.0
711,2.115844982504488,1.5452093100635045,-0.252054884740103,1.0,0.0,1.0,0.0
712,0.6674399311445438,-0.0763399047485143,0.07347103683861625,1.0,2.0,1.0,0.0
713,-0.6405019681718421,0.6828111556647338,-0.12996711088706994,0.0,2.0,0.0,1.0
714,-0.04248897515202096,0.9673823761778862,2.1413261060587425,1.0,2.0,1.0,1.0
715,-0.21478493366804957,-0.22318500464862528,-0.8807298402935253,1.0,0.0,0.0,0.0
716,-0.19944235117727785,1.7143272264333407,1.4880904990455406,0.0,2.0,0.0,1.0
717,1.4700518172404196,0.34717910274394803,-0.036945206736201094,1.0,0.0,1.0,0.0
718,2.2406917037512692,0.06212113698832798,1.7017676009543645,1.0,0.0,0.0,1.0
719,-0.4389386909954684,0.9385750529086649,-1.115103123135394,0.0,1.0,1.0,0.0
720,1.2534939649432624,0.43993404115066875,0.45561276248953925,1.0,2.0,1.0,1.0
721,0.6547937177275951,-1.2582082305583318,-1.409361316494292,0.0,0.0,1.0,0.0
722,-0.8584215000572977,3.1912772917506596,-0.4564547976352453,0.0,0.0,1.0,1.0
723,0.009077481986929039,0.3018109672527637,-0.6340872121843468,1.0,0.0,1.0,0.0
724,0.07608002954915508,1.0911717435592723,-0.446948722373749,0.0,2.0,1.0,0.0
725,0.005605299995396123,0.1273987483299475,1.4297663831464118,1.0,0.0,1.0,1.0
726,1.0478625507317656,-0.17931936612892677,-0.072157110450625,0.0,0.0,1.0,0.0
727,0.0593051333920431,-0.5230645442300056,-0.07502051170507784,1.0,2.0,1.0,0.0
728,1.4840105578315812,-1.6217602691633033,0.09183731163076027,1.0,1.0,0.0,0.0
729,0.2088238560870173,-0.7558795712516739,-1.0467506722526732,1.0,2.0,1.0,0.0
730,-1.3382392367148255,-1.1051104156123281,0.5896679681926371,0.0,0.0,0.0,1.0
731,0.6227859030484586,-1.6554252854778755,0.9563491325403716,0.0,1.0,0.0,1.0
732,0.998296948737039,0.5680081501972444,-0.7823768009040573,1.0,1.0,1.0,0.0
733,0.7639092347323369,-0.016175324164425974,1.7653704476874557,0.0,2.0,1.0,1.0
734,0.7215072365980558,-0.0239039347532883,0.7224283465434373,1.0,0.0,1.0,1.0
735,-1.2156081230769376,-0.6988032697833112,-1.2463357177454264,0.0,2.0,0.0,0.0
736,0.2777652876865143,1.324275275332624,0.6808292500949785,0.0,0.0,1.0,0.0
737,0.2237558238906669,-0.19749854873464484,0.319678597973667,1.0,2.0,0.0,1.0
738,-0.8950464927213471,-0.198998456552462,0.7206222272938668,0.0,0.0,1.0,1.0
739,-0.6953331280657903,-0.07645818129402061,1.3558367903738882,1.0,1.0,1.0,0.0
740,-0.525914842699555,2.9879786886998776,-0.4828681283969997,1.0,2.0,1.0,1.0
741,1.6738997600592453,-0.11488035129886272,-0.13740028946204452,1.0,2.0,1.0,0.0
742,1.6971357334896833,0.1816094459791521,-0.6971554300749279,1.0,0.0,1.0,0.0
743,0.4655640695212313,1.9642506633400372,0.6160425592045345,1.0,2.0,1.0,0.0
744,1.046678911601288,-0.6661610718437668,-1.783824833033525,0.0,2.0,1.0,0.0
745,-0.019999223563780394,-0.22785510101555764,-1.5628746314059139,1.0,2.0,1.0,0.0
746,-0.1089747530400274,-0.07721326971964164,0.11041477760109505,1.0,1.0,1.0,1.0
747,0.5455254170652505,-0.8575167905612692,-1.065384652896951,1.0,1.0,1.0,0.0
748,0.25624803829615345,2.2095636852331983,2.4363653972449195,0.0,0.0,1.0,1.0
749,0.7565368968135066,1.1783881660395257,-0.17157234966423596,1.0,2.0,1.0,0.0
750,-0.606676480662982,0.8702761618590479,0.7418431102916498,0.0,2.0,1.0,1.0
751,-0.32181650164172,-1.3490657107514272,-0.3116824409780485,0.0,1.0,1.0,0.0
752,-1.8688330791988539,0.22421978801825163,-0.49444006692428477,1.0,2.0,1.0,1.0
753,0.25986619186985416,-2.211468003230711,-1.5726744735135911,0.0,0.0,0.0,1.0
754,0.014814966501176799,0.10725421830434165,-0.1689853406181396,1.0,0.0,0.0,0.0
755,0.24083090305883678,0.5272053478776505,1.9880635504068198,1.0,2.0,1.0,1.0
756,0.1025651681301539,-1.502677974486941,-0.39396612805815057,0.0,0.0,1.0,1.0
757,-1.6586216376182448,-1.916702823181837,-2.1568206490556388,0.0,2.0,1.0,1.0
758,0.20828246708786896,-0.021127526927641676,-0.5259206564896355,0.0,1.0,1.0,1.0
759,0.7474111416430524,0.6983808072489686,-0.1775189780633873,1.0,2.0,0.0,0.0
760,-0.0228266877761751,-0.5462170875426609,-0.7458758665095294,0.0,1.0,1.0,0.0
761,0.248279879561672,-0.9498188607791881,0.5267102938870275,0.0,1.0,1.0,0.0
762,0.21928159324400193,-1.0617389610093622,-0.1257663882390678,1.0,0.0,1.0,1.0
763,0.3352403459041429,-0.8199982895744038,-2.141414226043669,1.0,1.0,1.0,0.0
764,0.5124489955017324,-0.09728244597473584,-2.256834181425528,1.0,0.0,1.0,1.0
765,-0.8655585950832518,-0.5828711651074302,0.6663673563620561,1.0,2.0,1.0,0.0
766,0.22356660361473968,-0.15731872718243492,0.21762637241158544,1.0,0.0,1.0,1.0
767,0.5041727412091157,1.4005318244711031,1.5678062002393534,1.0,1.0,1.0,1.0
768,-0.40482421055993756,-1.252818791771526,-0.7492037479615953,0.0,1.0,1.0,0.0
769,-0.7916641075713358,0.05673553328130312,2.189110833842747,1.0,0.0,0.0,1.0
770,0.21330303898463324,0.057557948995954254,0.10564551989383623,0.0,1.0,1.0,1.0
771,0.2616629247537451,0.2698853364556131,-1.7298989937765188,0.0,0.0,1.0,0.0
772,-2.197957817557938,0.674704883989913,0.34879351495362954,0.0,2.0,1.0,1.0
773,0.6172507840087769,-0.19119635863876577,0.47039691727854605,0.0,2.0,0.0,1.0
774,0.4625133084344673,-0.14261116286165784,0.5351030943815179,0.0,2.0,1.0,1.0
775,-2.2225999318146754,-0.5419191214562694,0.22933761466246352,1.0,1.0,1.0,1.0
776,0.9711311979664898,-2.1109980793234624,-0.4896879235350343,1.0,2.0,1.0,0.0
777,0.8304295331569305,-0.2684086168496443,0.02422463846107993,1.0,1.0,1.0,0.0
778,-0.16610574479750626,1.3537999892223216,0.19967896987235537,0.0,1.0,1.0,1.0
779,0.06860793088706751,-1.5780090281435888,-0.18521774738864144,1.0,0.0,0.0,0.0
780,0.8400611259599977,-0.19365951341247742,0.13868738381607706,1.0,1.0,1.0,1.0
781,0.975821335754743,0.13330413756801185,0.9523426562207428,0.0,2.0,1.0,1.0
782,0.25487395323264267,0.9586410891133322,-1.0134084630157831,1.0,1.0,0.0,0.0
783,0.08707089186013235,1.005675422765345,-0.9995039301418842,0.0,0.0,1.0,0.0
784,-0.5377324788111151,0.03969239283821349,-0.900409399925433,1.0,1.0,1.0,0.0
785,-0.07932443782269152,1.0812843905468381,-1.2177793542560462,1.0,2.0,0.0,0.0
786,1.195751013830562,2.5369514767327837,0.12098349884200489,1.0,1.0,1.0,1.0
787,0.023189215232637804,-1.5634667033522174,0.5539593289892295,1.0,2.0,1.0,1.0
788,1.072847800952218,1.160671130099249,-1.7658671732604017,0.0,1.0,1.0,0.0
789,0.2723573557072325,-1.02325833793301,0.062127485050350484,1.0,1.0,1.0,0.0
790,-0.4454424399333864,-1.3704185042980332,0.7514219758456159,1.0,1.0,1.0,1.0
791,-0.029954832308677536,-0.48550837978771416,0.3548647632736205,0.0,1.0,1.0,1.0
792,1.3835052684104656,0.0440099785246225,0.9503450738884703,0.0,1.0,1.0,1.0
793,-0.6018721241078827,-1.2229133116547246,0.4902179383646019,1.0,0.0,1.0,1.0
794,1.137734857873522,-0.33858373978257167,0.9039423861189997,0.0,1.0,1.0,1.0
795,-0.27264210424045077,-0.23359663377899342,-0.6394122984334589,0.0,2.0,1.0,0.0
796,1.2875881127301607,-0.010455865988398077,-0.14276324448237213,0.0,0.0,0.0,0.0
797,1.5162086967156247,-0.09628964046956852,-0.1292748042505843,1.0,1.0,1.0,1.0
798,-1.780618819386486,-0.35140835816337274,0.8180897401618903,0.0,1.0,0.0,1.0
799,2.628576472909848,-0.026046878389733193,0.9269443397672811,1.0,0.0,1.0,1.0
800,0.7130276039357797,0.25202487078569,-0.02016348626339686,0.0,0.0,1.0,0.0
801,-0.8773257956360087,0.831919327252843,0.22566904796258633,0.0,2.0,1.0,1.0
802,-1.5836982697747966,-0.3719123561742729,0.6944913079004978,1.0,2.0,1.0,1.0
803,-1.1533568795523919,0.19066072335375434,0.7910295826016367,0.0,0.0,1.0,1.0
804,0.33861317793568707,0.5065510665957996,-0.6763643141479453,1.0,0.0,1.0,0.0
805,0.20522607070112503,0.21072905752012241,0.9557874819407357,0.0,2.0,1.0,1.0
806,1.5672890990036346,2.4783066803663694,-0.10071028526163524,1.0,1.0,1.0,0.0
807,-1.0915581782074966,-0.20399690962892814,0.8781890825461768,0.0,2.0,0.0,1.0
808,1.1994017078129011,0.07522734671358608,0.6151579642954338,1.0,2.0,1.0,0.0
809,-1.3472265124686549,0.5698151754460585,0.8770619065673105,0.0,1.0,1.0,1.0
810,-1.3521193268217977,-0.5312550798739601,0.09053367063390652,0.0,1.0,1.0,0.0
811,0.36414077005297235,0.9188102025538871,0.36413195381103924,1.0,0.0,1.0,1.0
812,-1.5997601483503259,-1.8185742927772965,-0.5747380091361654,0.0,1.0,1.0,0.0
813,0.19041260337598384,-0.436007220279128,-0.31946785507493514,0.0,2.0,1.0,1.0
814,-0.2774195430465444,-0.28295321159221226,0.6354355759596721,0.0,1.0,1.0,1.0
815,-0.09789271152898321,-0.8070297142797586,1.845634187054676,1.0,0.0,0.0,1.0
816,1.4549485111462044,2.372538605158756,0.14536658455806128,1.0,1.0,0.0,1.0
817,-1.1221519642372635,-0.9119303780243297,-1.1246621164368094,0.0,2.0,1.0,0.0
818,-1.4281425272592838,1.7919665975930354,-0.11585369783302418,0.0,2.0,0.0,0.0
819,1.28215466406038,-0.1556490154951149,-0.7436019082912346,1.0,1.0,1.0,1.0
820,-0.5322306197424246,0.06084839989978756,-1.012170644943497,1.0,0.0,1.0,0.0
821,1.5337545335481586,0.7871323892200861,-0.9687054903359612,1.0,1.0,1.0,0.0
822,0.6605885327180112,-0.296674032906863,0.7400805301872844,0.0,1.0,1.0,1.0
823,1.2476608289012399,1.7889068583807552,-0.566667361338545,1.0,1.0,1.0,0.0
824,0.5649083246305964,1.6985710261198559,0.2602561712325656,1.0,0.0,0.0,1.0
825,0.26759025855952434,-0.9904727285387782,-0.5400543391811065,1.0,2.0,1.0,0.0
826,0.2321476481453548,-0.8564428977918906,2.4851801768162733,0.0,1.0,1.0,0.0
827,1.2609719688873604,-0.1023736023630927,-0.37459342778719074,1.0,2.0,1.0,1.0
828,-0.08496201349831815,-1.099363316187667,-0.039865436040301044,0.0,1.0,0.0,1.0
829,-1.1102367310394392,-0.7937989548636162,-1.4320630511458063,1.0,2.0,0.0,0.0
830,0.806864708592409,1.6403615772419207,0.6339661551707068,0.0,0.0,1.0,1.0
831,1.0605655050472895,1.5180351756597774,0.16592707458248404,1.0,1.0,1.0,1.0
832,-2.500554832400137,-0.6016184207853644,0.46896616796818397,1.0,2.0,0.0,1.0
833,1.726752438060374,-1.0996733042305311,-1.3668059293848192,1.0,1.0,1.0,0.0
834,-0.7917534092353126,-0.8797211966817141,-0.5022682306395851,1.0,2.0,1.0,0.0
835,0.7100490588246434,-1.0647519116625104,0.07381887221069303,0.0,2.0,0.0,0.0
836,-1.7082177833663927,0.14440371591664053,-0.13250578952422207,1.0,0.0,1.0,1.0
837,-0.29781511930287063,0.9127729277449905,-1.2977856804830221,0.0,1.0,1.0,1.0
838,0.09118783348545707,1.4823623721770014,0.14666075844036713,1.0,0.0,1.0,1.0
839,0.5831573402021609,0.5900229395326972,-0.6593266679884802,1.0,2.0,0.0,1.0
840,-0.9669432024575105,0.2343432247932073,0.8884981003193365,0.0,1.0,1.0,0.0
841,1.1034628448125239,-0.7230853716609665,0.9851317929115068,1.0,0.0,1.0,1.0
842,-1.3840825256106117,-0.27902106683990474,-1.763681429195264,1.0,0.0,1.0,0.0
843,-0.20873667756497133,1.4742738860963684,-0.09091252020366757,1.0,2.0,0.0,1.0
844,1.6848804201041867,-2.337646135241038,-1.4375084154003281,1.0,2.0,0.0,0.0
845,0.08484501423626607,-0.10123432422045067,0.48371462659168274,1.0,0.0,1.0,1.0
846,1.2223490093906753,-1.7498957267635478,-1.069058758413321,0.0,2.0,1.0,0.0
847,-0.7213625706927194,-0.43069137667405744,-1.0930169506873153,0.0,2.0,1.0,0.0
848,1.5511492529093867,-1.427816741765722,-1.5502091015981672,0.0,1.0,1.0,0.0
849,-0.13183914098929433,0.08302629978552525,1.1234220614940447,1.0,2.0,1.0,0.0
850,0.1498644558092095,-0.7590558942070535,-0.10120545542811231,1.0,0.0,1.0,0.0
851,-0.3794555689839021,-1.219858610982578,-2.143352015025391,1.0,0.0,1.0,0.0
852,1.438326424622663,-0.00456689539235158,1.3037075544699865,0.0,1.0,1.0,1.0
853,-0.06587116796523661,2.513535429405612,0.8209593681828599,0.0,2.0,1.0,0.0
854,0.47549802632761523,1.8753403699489435,-1.6548397763111418,1.0,0.0,0.0,0.0
855,-0.3702213962746131,-0.4067440429636507,0.11239676597931078,1.0,0.0,1.0,1.0
856,-0.6489761374172981,-0.3735579587299585,-0.03815735318082679,0.0,2.0,1.0,1.0
857,0.19462056162005636,0.6734709962786772,1.1331333890897497,1.0,0.0,1.0,1.0
858,-0.5777361004117034,-0.832597275373511,2.5807673670740927,0.0,0.0,1.0,1.0
859,0.21351191833344893,0.8484289980326625,0.05127337404000628,1.0,0.0,1.0,0.0
860,-0.17286638369127993,1.7168859763759639,-0.9097750695999233,1.0,2.0,0.0,0.0
861,-1.0325434457047031,-0.7014440008375472,0.9475716343604624,0.0,2.0,1.0,1.0
862,0.9431762043504206,-0.3495207071826602,1.9041960436917702,1.0,1.0,1.0,1.0
863,0.5814702868619691,-0.11165540438276748,-0.9337965681534568,1.0,0.0,1.0,0.0
864,0.9285626828798845,-0.1321547366094912,1.2899294067204818,1.0,0.0,0.0,1.0
865,1.6859126641968138,-0.8091581593276949,1.2901608723729547,0.0,1.0,1.0,0.0
866,-1.8182818966940284,-0.355287453651936,-1.7888834244060121,0.0,1.0,1.0,0.0
867,1.0182813802046076,0.5888904262599671,-0.6120093318902518,0.0,2.0,1.0,0.0
868,0.5792933896923957,0.2758973117424248,0.06969634941999958,0.0,2.0,1.0,0.0
869,1.4882093069024143,-0.6580451060188585,-0.26767644534782414,1.0,2.0,1.0,1.0
870,1.2072348920668032,-0.6267799146892693,1.258349824577965,0.0,2.0,0.0,1.0
871,0.3912975388925138,-0.5672390780483927,-1.4158803872485968,0.0,1.0,1.0,0.0
872,0.4965693444325893,0.09643424485878734,-0.5852188927284697,1.0,2.0,1.0,0.0
873,-0.454292542036583,-1.1989903625085168,0.595050455287724,0.0,2.0,1.0,1.0
874,1.746840719090928,1.528117695976029,1.1808420266070836,1.0,0.0,1.0,1.0
875,-1.034654973529011,-0.30311157367791636,-0.5770075237040915,1.0,1.0,1.0,0.0
876,1.3480583941857607,-1.1309558931748107,0.03600654411281503,0.0,1.0,1.0,1.0
877,0.2103112920842522,1.1564918856206001,-0.4500404590119938,1.0,2.0,0.0,0.0
878,0.7978266675638224,0.03743701581816539,-0.6512834538137828,0.0,2.0,0.0,0.0
879,-0.09279813285276045,0.9966416407175077,1.7129159933185647,0.0,2.0,1.0,1.0
880,0.07052476435775142,-1.0009800015744046,0.6557076295263475,1.0,2.0,0.0,1.0
881,-0.5034660139623034,0.6893576120461234,2.084397104676082,1.0,2.0,1.0,0.0
882,0.32822584191469184,-0.6521673255637753,0.0004840759398044629,1.0,1.0,1.0,0.0
883,-0.9666882550002194,0.7782764805865412,0.15146699867919605,0.0,0.0,0.0,1.0
884,0.5695350036100992,0.24151384008309382,0.7457891321978096,0.0,1.0,1.0,1.0
885,-1.3181564038105957,-0.8733359596774397,0.19366375147700926,1.0,0.0,1.0,0.0
886,1.490060721490808,0.15030706117145903,2.176631134167045,0.0,0.0,1.0,1.0
887,0.05822772063694501,0.6456804826195071,0.5098857143113285,1.0,2.0,1.0,1.0
888,0.6813220256781788,-1.992143859275425,-0.8706359355286403,1.0,1.0,0.0,0.0
889,-0.5994366767118444,0.2495685703512659,1.9713689756411168,1.0,1.0,1.0,1.0
890,0.4949778951507615,0.6838396288994806,-0.37324396358295836,1.0,0.0,1.0,1.0
891,0.966616875892859,-0.46072324205359594,-0.9788962288313596,0.0,1.0,1.0,0.0
892,1.0884285904918114,-1.3693306813954955,0.612478870123381,0.0,2.0,1.0,0.0
893,0.5900192762915426,0.9061954562132895,-1.0944931417986263,0.0,0.0,1.0,1.0
894,0.056798100577668806,1.549548182496238,0.042493331861978366,1.0,2.0,1.0,1.0
895,0.17804863124688647,-0.5177983529892685,0.5803461344130094,1.0,2.0,1.0,1.0
896,-0.3730569941134278,-0.19401523775874704,1.2084467102757392,1.0,1.0,1.0,1.0
897,-0.2148759506928675,0.1729243662446436,1.559584028978905,0.0,0.0,0.0,1.0
898,-0.8518908548497112,0.6129008791409026,-0.9097936974128036,0.0,0.0,1.0,0.0
899,1.186498447560985,-1.7113515889799207,-1.252382228255001,1.0,2.0,1.0,0.0
900,1.7725760691206944,0.8222487589202377,0.7819281385684352,0.0,0.0,1.0,1.0
901,-0.8081286118193477,1.1554867382900986,0.3639904064096704,1.0,1.0,0.0,1.0
902,0.9642544890159782,1.6432222877128568,0.9569191245466324,1.0,2.0,0.0,1.0
903,1.6812314852218353,-1.9957035187862933,-0.7422916166754553,1.0,2.0,1.0,0.0
904,-0.5681386792664855,0.6401685103071271,0.545154598785807,1.0,2.0,1.0,1.0
905,0.583840488328123,0.667911963192265,1.9243782957345779,1.0,0.0,1.0,0.0
906,-0.2936421979879316,-0.5026473236518967,-1.4411145264529448,0.0,0.0,1.0,0.0
907,0.7249835105566734,1.5372510834829611,0.4480975507576609,0.0,2.0,1.0,0.0
908,0.0734274092482577,0.12937421620193315,1.646671671916067,0.0,0.0,1.0,1.0
909,-0.6706108266698395,0.24585373606140476,-0.9447464748521895,1.0,2.0,1.0,1.0
910,-0.225510169317532,1.1796638326886546,0.4465518366774837,0.0,1.0,1.0,1.0
911,-0.39098424814849964,0.39707692927593896,2.4771655438849205,1.0,0.0,0.0,0.0
912,0.26156927950871733,0.562038505668428,0.7440100490242829,1.0,2.0,1.0,1.0
913,0.2635125088835333,1.1615484092788404,1.2087585913182952,0.0,0.0,1.0,1.0
914,-1.0241882158063385,-0.5169416063276144,0.4207374513103303,1.0,0.0,1.0,1.0
915,0.04409057972613506,0.1526851093662422,1.3607365772634392,1.0,1.0,1.0,1.0
916,0.4055578811381086,0.08482031319437384,0.9861986559933917,1.0,1.0,1.0,1.0
917,0.8555098878600326,0.6046902186242149,1.1679668808018406,1.0,2.0,1.0,1.0
918,-1.0540630203836525,0.4427751918057826,0.18131724739583815,1.0,0.0,1.0,1.0
919,1.380210864312444,0.9456531397997472,0.42490501491050825,0.0,0.0,0.0,1.0
920,0.7335067805698541,-0.35083627559835284,0.22397782777504657,1.0,1.0,1.0,0.0
921,1.3405481077401498,0.8295341488737402,-0.0036235014866703528,1.0,2.0,1.0,0.0
922,0.760107837777029,0.5362796097924605,1.3121025243747404,0.0,2.0,1.0,1.0
923,0.38333260900215915,0.7754495326620091,-0.7867916158293041,1.0,0.0,1.0,0.0
924,-0.7103859864190429,-0.204094098132509,-2.1575144006590725,0.0,0.0,1.0,0.0
925,0.08084643344098348,-1.04337843050306,-0.0494903162868307,1.0,1.0,1.0,0.0
926,-2.923718386943008,0.47361739021830623,-0.18215054329333846,1.0,1.0,0.0,0.0
927,1.0609681529729198,-1.5665464849367976,-0.4323755579257534,0.0,0.0,0.0,0.0
928,1.1499271418798573,0.5177355034636061,-1.0508490486751012,0.0,2.0,1.0,1.0
929,0.24308297782263033,-1.7421089852081666,0.8458487151450698,0.0,0.0,1.0,1.0
930,0.024329469662425694,0.36640246870632037,1.7791226017090587,1.0,0.0,1.0,1.0
931,0.6197374784583899,-0.20165669944972786,1.244790590756087,1.0,0.0,0.0,1.0
932,-1.4075466531041216,0.8978322825754295,-0.23111105199208562,0.0,0.0,1.0,1.0
933,-1.1701989802598698,-1.1863806063547797,-0.5143563532639639,1.0,0.0,1.0,0.0
934,-0.22443101350868097,1.164629808574618,-1.3222905025413476,1.0,0.0,1.0,0.0
935,-1.2042974358580423,0.37760149818103034,-0.08062217278158738,0.0,2.0,1.0,0.0
936,-1.2696761672725565,0.19927720087819867,0.8965883443581002,0.0,1.0,1.0,0.0
937,0.2999052364976764,-0.12869699322887626,0.5745330223167885,0.0,2.0,1.0,0.0
938,0.1296055063317812,0.9194498095657438,0.07690924014767898,0.0,2.0,0.0,0.0
939,-1.653536157387391,0.9920190822349818,0.979513360367878,0.0,0.0,1.0,1.0
940,0.6110174120195857,-0.5420693400170147,-0.8018369704910591,0.0,2.0,1.0,0.0
941,-0.2054866165753831,1.819056962949906,-1.5957543429177847,0.0,1.0,1.0,0.0
942,-0.1808459563103553,0.7643535039081304,0.3487593727724847,1.0,0.0,0.0,1.0
943,0.7624042032648342,0.7383217528863767,-0.6246900369618892,1.0,1.0,1.0,0.0
944,-0.37040343777816326,1.1920428680330142,0.3481393272744338,0.0,0.0,1.0,0.0
945,1.6052532870217635,-0.4890658176042295,-0.8910489711781944,0.0,0.0,1.0,1.0
946,1.6736990894379187,0.44123788069267816,-0.7849459723629468,0.0,1.0,1.0,1.0
947,-0.7951641848700383,-0.5410811442859697,-0.31659394154976783,0.0,2.0,1.0,0.0
948,-1.715007367574073,0.2907710913106593,0.325363571077714,1.0,2.0,1.0,1.0
949,-0.5883781171980625,0.1450988711860902,-1.9677452147511847,0.0,0.0,1.0,0.0
950,0.4186571836859124,0.5041498041219346,0.5669101371418424,1.0,1.0,1.0,1.0
951,1.1239913972999918,0.34344234880459734,-1.3819655768637897,0.0,2.0,1.0,1.0
952,-0.029910340300565035,-0.526551479492614,3.4718900747939627,1.0,2.0,0.0,1.0
953,0.8747457865678585,0.2016891308044487,-0.9671391327296116,1.0,0.0,0.0,1.0
954,0.8594482340042223,1.5724463170234315,-0.5720636270667981,0.0,0.0,1.0,0.0
955,-0.06869528384474344,-1.926367987829764,0.07535765468184874,1.0,0.0,1.0,0.0
956,-0.24173808873908598,0.12274203661801157,-0.5969425758596503,0.0,1.0,1.0,0.0
957,-0.46144552196342403,0.431266379339236,0.06449088102628683,0.0,0.0,0.0,1.0
958,-1.9220894961160648,-0.14144140770247232,1.0651183995462012,1.0,2.0,1.0,1.0
959,-2.0759295699501097,-0.10113193148012792,-0.8002943993864458,0.0,2.0,1.0,1.0
960,-0.18540991185454167,1.259063310076114,1.424844542433122,1.0,2.0,0.0,1.0
961,0.8491543990977486,-0.0804371785003048,-0.4758959927956885,1.0,0.0,1.0,0.0
962,-0.47496875918181597,-1.370081392147428,-1.345675263367529,1.0,0.0,1.0,1.0
963,-0.0809398936862717,-1.1528373058039196,-0.017495968935208335,0.0,0.0,1.0,0.0
964,-1.770956517776413,-0.5988058013385739,-0.2636709472310062,1.0,0.0,0.0,0.0
965,-0.01644659400474414,-0.4411497306480988,-0.34807998085072084,1.0,0.0,1.0,0.0
966,-1.505125588224585,0.588448436974647,-1.158684924148725,1.0,2.0,0.0,0.0
967,-2.226147407146847,1.02106254177722,0.7456487584804504,0.0,0.0,1.0,1.0
968,0.8484280141948,0.20569336351721684,-0.8036186597843639,0.0,2.0,1.0,1.0
969,-0.541137061712164,1.0328520207917964,1.5656540254196127,0.0,0.0,1.0,0.0
970,1.73278827799081,-1.5330093455787879,1.326906088169832,1.0,0.0,1.0,1.0
971,1.6269479319064184,0.4251074715613593,0.5235863228474309,1.0,0.0,1.0,0.0
972,1.2234790357904135,0.13389915731233343,-1.6454884022084821,1.0,0.0,1.0,0.0
973,0.725755006417916,1.2399761860289118,-1.7382051810255101,1.0,2.0,1.0,0.0
974,-0.5678781858812484,-0.6481038790909075,0.005404229586249529,0.0,1.0,1.0,0.0
975,1.2019247447195052,-0.36866725002869877,0.025782129492890014,0.0,0.0,0.0,0.0
976,0.7470772565257842,-0.8814351330643967,-0.35923210371936154,0.0,0.0,1.0,0.0
977,-0.4204491320703112,-0.7796562140668484,-0.28425951350256823,1.0,1.0,0.0,0.0
978,-0.3337196365570051,0.8152050703305863,-0.7850936662073398,1.0,2.0,1.0,0.0
979,-0.7174413042308336,-0.03890460193214775,-0.2708148052194736,1.0,0.0,0.0,1.0
980,-2.040468737164958,1.5004485459448678,-0.3016886986641755,1.0,0.0,1.0,1.0
981,-0.8049784770949264,-0.7312126876144682,-1.0497993372100982,1.0,0.0,1.0,0.0
982,-0.32935863418081784,1.2313150379748767,-2.1262812501959534,1.0,0.0,0.0,0.0
983,-0.054297071131507606,0.4178309982648568,1.6826160881574257,0.0,2.0,1.0,1.0
984,0.7280461670007182,1.2593813545194024,-0.8589133612481497,0.0,1.0,1.0,0.0
985,1.7218847930225787,-0.8727652410000813,1.4117357881146975,0.0,2.0,1.0,0.0
986,-0.5546409519477953,0.28336668071080245,2.15007880332931,1.0,2.0,1.0,1.0
987,-0.11486136703317003,-2.650792418243333,1.9830968434371383,1.0,1.0,1.0,1.0
988,0.9343906328895979,0.4584467251104938,-0.5918786676684532,0.0,1.0,1.0,0.0
989,1.9425416119927497,-0.669321711236101,0.6897584696308485,1.0,1.0,0.0,0.0
990,0.18829167701156369,-0.2800654673336255,0.31390453170568466,0.0,2.0,0.0,1.0
991,0.8207537914131641,-0.429976735333836,0.8460617406257293,1.0,0.0,1.0,1.0
992,-0.834767679743933,-0.5668390085867239,0.5890998622288403,0.0,1.0,1.0,1.0
993,-0.010800051332476187,-0.9947030769501746,-0.597382686554942,0.0,2.0,1.0,0.0
994,0.5340518859857633,1.4038556156621629,-1.3944808061809972,1.0,0.0,1.0,0.0
995,1.2967800620849292,1.3945866173381232,-0.048216160686811775,0.0,0.0,1.0,1.0
996,1.5731516604395424,-0.8651958644319147,1.090864523071161,0.0,0.0,1.0,1.0
997,-0.008365301182538622,-1.5887038512523777,-0.19432440125991213,0.0,0.0,1.0,0.0
998,-2.5419310549969327,-0.5802083174465513,-0.27272471785752966,1.0,0.0,1.0,1.0
999,0.7764794143769301,-0.2854947408988599,-0.4726383151866146,1.0,0.0,1.0,1.0
